,Unnamed: 0,ORF,Gene,firstTenCodons,DecodingTime,DecodingTimePercentile,P,5_UTR,second_SSU_peak
1,5182,YOR136W,IDH2,ATGTTGAGAAATACTTTTTTTAGAAACACC,1.1882,0.000177936,3.749736316,97,True
18,2749,YIL116W,HIS5,ATGGTTTTTGATTTGAAAAGAATTGTTAGA,1.0852,0.000219298,3.658964843,34,True
24,5582,YPL160W,CDC60,ATGTCTTCTGGTTTGGTCTTAGAAAACACG,1.374,0.00060241,3.220108088,51,True
26,1844,YGL018C,JAC1,ATGTTGAAATACTTGGTTCAACGAAGATTC,1.2656,0.000925926,3.033423755,34,True
30,2595,YHR183W,GND1,ATGTCTGCTGATTTCGGTTTGATTGGTTTG,1.225,0.000925926,3.033423755,78,True
34,5379,YOR344C,TYE7,ATGAACTCTATTTTAGACAGAAATGTTAGA,1.1672,0.001176471,2.929418926,132,True
45,5165,YOR117W,RPT5,ATGGCCACCTTGGAAGAATTGGATGCTCAA,1.206,0.001346154,2.870905304,63,True
49,1261,YDR372C,VPS74,ATGTCTACTTTACAACGTCGTAGAGTCAAT,1.1956,0.001363636,2.865301426,289,True
52,2277,YGR209C,TRX2,ATGGTCACTCAATTAAAATCCGCTTCTGAA,1.206,0.001428571,2.84509804,112,True
69,4507,YNL016W,PUB1,ATGTCTGAAAATAACGAAGAACAACATCAA,1.15,0.001707317,2.767685817,153,True
71,1578,YER074W,RPS24A,ATGTCTGACGCTGTTACTATCCGTACTAGA,1.1606,0.001851852,2.73239376,52,True
75,528,YCL030C,HIS4,ATGGTTTTGCCGATTCTACCGTTAATTGAT,1.501,0.001891892,2.723103684,60,True
76,2415,YHR007C-A,YHR007C-A,ATGCATCGTAAAAAAAGAAAAAAAGAAAAG,0.8366,0.002307692,2.636822098,0,True
88,2488,YHR075C,PPE1,ATGTCTGACGATTTGAGAAGAAAAATTGCT,1.0612,0.0025,2.602059991,56,True
103,284,YBR082C,UBC4,ATGTCTTCTTCTAAACGTATTGCTAAAGAA,1.035,0.0028,2.552841969,210,True
110,2348,YGR286C,BIO2,ATGATGTCTACTATCTACCGTCATTTATCT,1.474,0.002857143,2.544068044,269,True
114,993,YDR099W,BMH2,ATGTCCCAAACTCGTGAAGATTCTGTTTAC,1.303,0.003,2.522878745,827,True
121,4797,YNL320W,YNL320W,ATGTTGTGGAAAGTTTCTAAGATGTTCTTG,1.199,0.003,2.522878745,59,True
135,1115,YDR225W,HTA1,ATGTCCGGTGGTAAAGGTGGTAAAGCTGGT,0.874,0.003333333,2.477121255,72,True
136,1831,YGL006W,PMC1,ATGTCTAGACAAGACGAAAATTCTGCTTTA,1.2326,0.003333333,2.477121255,279,True
138,1969,YGL157W,ARI1,ATGACTACTGATACCACTGTTTTCGTTTCT,1.343,0.003333333,2.477121255,52,True
149,2048,YGL242C,YGL242C,ATGAATACTGAAGGTGCTTCTTTAAGTGAA,1.4,0.003333333,2.477121255,56,True
162,2108,YGR037C,ACB1,ATGGTTTCCCAATTATTCGAAGAAAAAGCT,1.218,0.003333333,2.477121255,62,True
171,2222,YGR157W,CHO2,ATGTCCAGTTGTAAAACCACTTTGTCTGAA,1.373,0.003333333,2.477121255,305,True
174,2923,YJL080C,SCP160,ATGTCTGAAGAACAAACCGCTATTGACTCT,1.151,0.004,2.397940009,183,True
183,2214,YGR148C,RPL24B,ATGAAGGTTGAAGTTGATTCCTTTTCCGGC,1.211,0.004285714,2.367976785,420,True
192,4593,YNL102W,POL1,ATGTCTTCTAAAAGTGAAAAATTAGAAAAA,1.221,0.004615385,2.335792102,26,True
193,4619,YNL131W,TOM22,ATGGTCGAATTAACTGAAATTAAAGACGAT,1.185,0.004615385,2.335792102,216,True
197,1835,YGL009C,LEU1,ATGGTTTACACTCCATCCAAGGGTCCAAGA,1.3866,0.004666667,2.330993219,69,True
210,1159,YDR267C,CIA1,ATGGCGTCTATCAATCTGATTAAGTCTTTG,1.298,0.005,2.301029996,57,True
217,3120,YJR070C,LIA1,ATGTCTACTAACTTTGAAAAACATTTCCAA,1.286,0.005,2.301029996,42,True
219,269,YBR067C,TIP1,ATGTCCGTTTCCAAGATTGCTTTCGTTTTA,1.329,0.005454545,2.263241435,87,True
230,2752,YIL119C,RPI1,ATGTACTTGGAATATCTTCAACCGAAGTTG,1.649,0.005454545,2.263241435,116,True
238,3434,YKR014C,YPT52,ATGTTGCAATTTAAACTAGTTTTATTGGGT,1.578,0.005454545,2.263241435,143,True
240,932,YDR037W,KRS1,ATGTCTCAACAAGATAATGTCAAAGCCGCC,1.254,0.006666667,2.176091259,455,True
256,1574,YER070W,RNR1,ATGTACGTTTATAAAAGAGACGGTCGTAAA,1.2006,0.0075,2.124938737,48,True
260,4676,YNL190W,YNL190W,ATGAAGTTCTCTTCTGTTACTGCTATTACT,1.243,0.0075,2.124938737,270,True
261,2391,YHL034C,SBP1,ATGTCTGCTGAAATTGAAGAAGCTACTAAT,1.114,0.008571429,2.06694679,112,True
262,3226,YKL016C,ATP7,ATGTCTTTGGCCAAATCCGCTGCTAACAAA,1.174,0.008571429,2.06694679,71,True
269,1840,YGL014W,PUF4,ATGTCTACAAAAGGTTTGAAAGAAGAAATC,1.199,0.00875,2.057991947,398,True
276,686,YDL022W,GPD1,ATGTCTGCTGCTGCTGATAGATTAAACTTA,1.3966,0.01,2,88,True
280,2339,YGR277C,CAB4,ATGGTTGAGGAAAATTCCAGAGTTTTGATT,1.5616,0.01,2,19,True
283,2485,YHR072W-A,NOP10,ATGCATTTGATGTACACTTTGGGCCCAGAC,1.549,0.01,2,59,True
284,5662,YPL243W,SRP68,ATGGTTGCCTATTCTCCAATCATTGCCACC,1.451,0.011666667,1.93305321,123,True
293,174,YBL082C,ALG3,ATGGAAGGTGAACAGTCTCCGCAAGGTGAA,2.03,0.012,1.920818754,41,True
298,280,YBR078W,ECM33,ATGCAATTCAAGAACGCTTTGACTGCTACT,1.269,0.012,1.920818754,176,True
320,1439,YEL020W-A,TIM9,ATGGACGCATTGAACTCCAAAGAACAACAA,1.507,0.012,1.920818754,64,True
326,1637,YER131W,RPS26B,ATGCCAAAAAAGAGAGCTTCCAACGGTAGA,1.0382,0.012,1.920818754,362,True
329,2608,YHR196W,UTP9,ATGGGCTCCTCTTTGGATTTGGTGGCGAGC,1.723,0.012,1.920818754,56,True
330,3726,YLR150W,STM1,ATGTCCAACCCATTTGATTTGTTAGGTAAC,1.47,0.012,1.920818754,26,True
335,5218,YOR173W,DCS2,ATGGGTTCCCAAGATTTAGCTAGTTTAATT,1.546,0.012,1.920818754,35,True
345,3187,YJR139C,HOM6,ATGAGCACTAAAGTTGTTAATGTTGCCGTT,1.462,0.013333333,1.875061263,108,True
354,984,YDR090C,YDR090C,ATGATCTCTGAAAAGGCTGCTACCGCTTTA,1.244,0.014,1.853871964,115,True
361,1603,YER095W,RAD51,ATGTCTCAAGTTCAAGAACAACATATATCA,2.416,0.014,1.853871964,55,True
365,4793,YNL315C,ATP11,ATGTGGAGACTAACCAGAAAAATCGGCACT,1.1922,0.014,1.853871964,10,True
369,784,YDL130W-A,STF1,ATGTTAAACCGTTGCATTTCCCGTAATACC,1.304,0.016,1.795880017,53,True
375,1723,YFL022C,FRS2,ATGTCTGACTTCCAATTAGAAATTCTAAAA,1.569,0.016,1.795880017,76,True
376,3059,YJR005W,APL1,ATGTCCGATCAAAAAGTTTTTGCCAGATAT,1.3056,0.016,1.795880017,47,True
382,3871,YLR293C,GSP1,ATGTCTGCCCCAGCTGCTAACGGTGAAGTT,1.334,0.016,1.795880017,50,True
390,4912,YOL020W,TAT2,ATGACCGAAGACTTTATTTCTTCTGTCAAG,1.211,0.016,1.795880017,158,True
400,5355,YOR317W,FAA1,ATGGTTGCTCAATATACCGTTCCAGTTGGG,1.709,0.016,1.795880017,163,True
405,369,YBR169C,SSE2,ATGAGCACTCCATTTGGCTTAGATTTAGGT,1.688,0.018,1.744727495,60,True
410,3688,YLR107W,REX3,ATGGGAAGTTTGTTGAGACCGGTTGATCTG,1.6946,0.018,1.744727495,104,True
414,967,YDR074W,TPS2,ATGACCACCACTGCCCAAGACAATTCTCCA,1.403,0.02,1.698970004,76,True
416,1998,YGL189C,RPS26A,ATGCCAAAGAAGAGAGCTTCCAACGGTAGA,1.0572,0.02,1.698970004,397,True
427,2119,YGR048W,UFD1,ATGTTTTCTGGCTTTAGTTCTTTTGGCGGC,1.472,0.02,1.698970004,51,True
430,2896,YJL053W,PEP8,ATGAGTATTTTTTTCAAGCCGCCGATTGAT,1.359,0.02,1.698970004,0,True
434,3235,YKL023W,YKL023W,ATGAATAAAGAAGAATTATTGGGTTTTCTA,1.496,0.02,1.698970004,50,True
437,3591,YLR008C,PAM18,ATGAGTTCTCAAAGTAATACTGGTAATTCT,1.622,0.02,1.698970004,84,True
446,5651,YPL231W,FAS2,ATGAAGCCGGAAGTTGAGCAAGAATTAGCT,1.569,0.02,1.698970004,81,True
448,210,YBR007C,DSF2,ATGAATCAAAATTTAAAAAACACTTCTTGG,1.208,0.022,1.657577319,11,True
453,682,YDL019C,OSH2,ATGTCTAGGGAAGACTTGTCCATTGCTGAA,1.574,0.022,1.657577319,214,True
456,771,YDL117W,CYK3,ATGGCCACTAACTTAACATCTTTGAAGCCA,1.666,0.022,1.657577319,262,True
459,2735,YIL103W,DPH1,ATGAGTGGCTCTACAGAATCTAAAAAACAA,1.478,0.022,1.657577319,27,True
460,2910,YJL068C,YJL068C,ATGAAGGTTGTTAAGGAATTTAGTGTCTGT,1.44,0.022,1.657577319,21,True
464,3232,YKL021C,MAK11,ATGTTACTGAATACTACTTATACTGTCTTC,1.693,0.022,1.657577319,0,True
465,3836,YLR258W,GSY2,ATGTCCCGTGACCTACAAAACCATTTGTTA,1.709,0.022,1.657577319,190,True
475,4786,YNL308C,KRI1,ATGCCAAGAAAAAAGTCTGCCGCTAAAAGA,1.0432,0.022,1.657577319,38,True
480,555,YCL057W,PRD1,ATGCGATTGTTGCTGTGCAAGAATTGGTTT,1.498,0.024,1.619788758,126,True
487,2670,YIL034C,CAP2,ATGTCTGATGCTCAATTCGATGCTGCTTTA,1.494,0.024,1.619788758,74,True
493,4611,YNL124W,NAF1,ATGAGCGATGACTTGTTTTCTAAGGCTTTG,1.551,0.024,1.619788758,81,True
502,5472,YPL047W,SGF11,ATGACCGAAGAAACTATTACTATAGATTCT,1.612,0.024,1.619788758,96,True
507,5581,YPL159C,PET20,ATGTTGAAGCTAGCTCGTCCATTTATTCCG,1.603,0.024,1.619788758,103,True
513,448,YBR248C,HIS7,ATGCCGGTCGTTCACGTGATTGACGTTGAA,1.64,0.026,1.585026652,82,True
521,830,YDL179W,PCL9,ATGATTTCTGACTACGATGCTCTTTTGCAA,1.763,0.026,1.585026652,0,True
522,2763,YIL130W,ASG1,ATGCCAGAACAAGCGCAACAAGGGGAACAG,2.47,0.028,1.552841969,137,True
528,2771,YIL137C,TMA108,ATGTCTGATAATTTGTTATCTTTAGAGAAT,1.903,0.03,1.522878745,393,True
535,1167,YDR279W,RNH202,ATGACCGTTTCCAACATTGGGGGGGAAGAA,1.529,0.032,1.494850022,151,True
549,1350,YDR468C,TLG1,ATGAACAACAGTGAAGATCCGTTTCAACAA,1.406,0.032,1.494850022,147,True
555,5000,YOL110W,SHR5,ATGTGCGATAGCCATCAAAAGGAAGAAGAT,1.477,0.032,1.494850022,51,True
569,5658,YPL239W,YAR1,ATGGGCCTACACAGTGAACCGTTAGATCAA,1.844,0.032,1.494850022,125,True
572,5737,YPR036W-A,SPO24,ATGGTCGCCTTTTTAGAACTAACTTCTGAC,1.706,0.032,1.494850022,75,True
591,34,YAL036C,RBG1,ATGTCTACTACAGTTGAAAAAATCAAAGCT,1.327,0.034,1.468521083,32,True
598,608,YCR043C,YCR043C,ATGATCCCAGCTCCACTTGATGCTTCCTTA,1.963,0.034,1.468521083,43,True
601,3968,YLR401C,DUS3,ATGGAGCAAAACGCTGAAAAACGCTCTATT,1.538,0.034,1.468521083,44,True
608,5462,YPL037C,EGD1,ATGCCAATTGACCAAGAAAAATTAGCTAAG,1.266,0.034,1.468521083,31,True
612,988,YDR096W,GIS1,ATGGAAATCAAGCCAGTTGAGGTTATTGAT,1.706,0.036,1.443697499,524,True
617,2286,YGR218W,CRM1,ATGGAAGGAATTTTGGATTTTTCTAACGAC,1.423,0.036,1.443697499,290,True
624,3650,YLR068W,FYV7,ATGGGTACAGCCAAGCAAAATCAAAATAGA,1.3516,0.036,1.443697499,52,True
628,4000,YLR432W,IMD3,ATGGCCGCCGTTAGAGACTACAAGACTGCC,1.3026,0.036,1.443697499,116,True
630,459,YBR258C,SHG1,ATGGCGTATAATCAAGAAGATAGTAAAAGA,1.3296,0.038,1.420216403,23,True
637,2318,YGR253C,PUP2,ATGTTCTTAACTAGAAGTGAATATGATCGT,1.5576,0.038,1.420216403,54,True
647,1510,YER014W,HEM14,ATGTTATTACCATTAACAAAGCTAAAACCG,1.986,0.04,1.397940009,34,True
649,5154,YOR106W,VAM3,ATGTCCTTTTTCGACATCGAAGCACAATCT,1.667,0.04,1.397940009,66,True
666,5856,YPR165W,RHO1,ATGTCACAACAAGTTGGTAACAGTATCAGA,1.9756,0.04,1.397940009,216,True
667,329,YBR128C,ATG14,ATGCATTGCCCAATTTGCCACCATAGAGCG,1.5296,0.042,1.37675071,51,True
678,739,YDL084W,SUB2,ATGTCACACGAAGGTGAAGAAGATTTATTG,1.99,0.042,1.37675071,168,True
682,4010,YLR442C,SIR3,ATGGCTAAAACATTGAAAGATTTGGACGGT,1.42,0.042,1.37675071,40,True
683,1445,YEL026W,SNU13,ATGTCTGCCCCAAACCCAAAGGCTTTCCCA,1.638,0.044,1.356547324,105,True
686,3259,YKL049C,CSE4,ATGTCAAGTAAACAACAATGGGTTAGTTCT,2.234,0.044,1.356547324,40,True
688,4728,YNL248C,RPA49,ATGTCCGTGAAAAGGTCTGTTTCTGAAATC,1.864,0.044,1.356547324,40,True
694,1061,YDR171W,HSP42,ATGAGTTTTTATCAACCATCCCTATCTCTT,2.422,0.046,1.337242168,86,True
703,3812,YLR229C,CDC42,ATGCAAACGCTAAAGTGTGTTGTTGTCGGT,1.691,0.046,1.337242168,209,True
705,1245,YDR358W,GGA1,ATGCCACAAAGAATTGAGCTTACCTCCGAA,1.9966,0.05,1.301029996,50,True
706,5560,YPL138C,SPP1,ATGTCATTACCACAATGGTGTCCACCGCAT,2.232,0.05,1.301029996,36,True
711,1948,YGL134W,PCL10,ATGGACATGACTAAAAACCACACCACTGAC,1.413,0.052,1.283996656,80,True
717,3354,YKL150W,MCR1,ATGTTTTCCAGATTATCCAGATCTCACTCA,2.0332,0.052,1.283996656,145,True
725,4859,YNR047W,FPK1,ATGGCTGGACACCATCACGAACATGAACAA,1.678,0.052,1.283996656,55,True
727,1354,YDR472W,TRS31,ATGTCTCAAAGAATAATTCAACCAAGCGCA,2.2706,0.056,1.251811973,383,True
739,3083,YJR031C,GEA1,ATGCACGACGTGCCAATGGAAACTGTTTTG,1.875,0.056,1.251811973,77,True
750,1242,YDR354W,TRP4,ATGTCCGAGGCGACTTTGCTATCTTACACC,2.052,0.058,1.236572006,97,True
753,1616,YER110C,KAP123,ATGGATCAACAATTTCTAAGTCAACTTGAG,2.66,0.058,1.236572006,36,True
755,3832,YLR254C,NDL1,ATGGTGCCGAATTTGGATTTGGAAACAGCT,1.821,0.058,1.236572006,88,True
766,2377,YHL020C,OPI1,ATGTCTGAAAATCAACGTTTAGGATTATCA,2.159,0.06,1.22184875,106,True
771,688,YDL025C,RTK1,ATGGTTAAGGAAACTCCATTACACTCATCT,2.177,0.062,1.207608311,197,True
772,3293,YKL084W,HOT13,ATGATCGAAACTGCCATTTATGGTAAGACA,1.421,0.062,1.207608311,49,True
773,5442,YPL015C,HST2,ATGTCTGTTTCTACCGCCTCTACAGAGATG,2.053,0.062,1.207608311,63,True
777,1522,YER025W,GCD11,ATGAGTGACTTACAAGACCAAGAACCTAGC,2.52,0.064,1.193820026,68,True
780,2681,YIL045W,PIG2,ATGGCCACCACCACGCAACCACAAAATATA,1.985,0.064,1.193820026,260,True
782,3210,YKL001C,MET14,ATGGCTACTAATATTACTTGGCATCCAAAT,1.378,0.064,1.193820026,48,True
784,4941,YOL052C,SPE2,ATGACTGTCACCATAAAAGAATTGACTAAC,1.6,0.064,1.193820026,117,True
789,5133,YOR083W,WHI5,ATGAGTTTGAGAACGCCGAAGAGAAGCAGG,1.9302,0.064,1.193820026,86,True
795,135,YBL039C,URA7,ATGAAGTACGTTGTTGTTTCAGGTGGTGTC,1.946,0.066,1.180456064,55,True
796,1671,YER163C,GCG1,ATGACTAATGACAACAGTGGTATCTGGGTC,1.369,0.066,1.180456064,36,True
800,2197,YGR130C,YGR130C,ATGCTATTCAATATCAACCGTCAAGAAGAC,1.567,0.066,1.180456064,106,True
805,3673,YLR092W,SUL2,ATGTCCAGGGAAGGTTATCCAAACTTTGAA,1.779,0.066,1.180456064,59,True
809,3725,YLR149C,YLR149C,ATGACCATTGATGGCACGGGGCAATCTAAG,1.489,0.066,1.180456064,70,True
811,840,YDL190C,UFD2,ATGACCGCCATAGAAGATATTTTACAAATC,1.714,0.068,1.167491087,193,True
812,4703,YNL220W,ADE12,ATGGTTAACGTTGTATTGGGCTCCCAATGG,2.056,0.068,1.167491087,86,True
818,256,YBR055C,PRP6,ATGGAGAGGCCATCTTTTTTGGATCAAGAA,2.248,0.07,1.15490196,23,True
819,1327,YDR443C,SSN2,ATGAGTTCTGACGCTTCCACGTACAGACTT,2.0386,0.07,1.15490196,0,True
830,3663,YLR082C,SRL2,ATGTCCAACTTTAAGAATTTTACTTTAAAT,1.4,0.07,1.15490196,45,True
836,617,YCR053W,THR4,ATGCCTAACGCTTCCCAAGTTTACAGATCT,2.0826,0.072,1.142667504,86,True
840,2260,YGR193C,PDX1,ATGCTAAGTGCAATTTCCAAAGTCTCCACT,2.06,0.072,1.142667504,93,True
843,4496,YNL004W,HRB1,ATGTCTGATCAAGAACGAGGTTCAGAAAAC,1.856,0.072,1.142667504,17,True
854,1932,YGL116W,CDC20,ATGCCAGAAAGCTCTAGAGATAAGGGAAAT,1.5696,0.074,1.13076828,215,True
865,2271,YGR204C-A,YGR204C-A,ATGCAATGGAACGCTTTTTCCTTTGTGTCT,1.656,0.074,1.13076828,9,True
866,1997,YGL188C-A,YGL188C-A,ATGTTAACGACACAAAAGTGTGAAAGTAGA,1.7846,0.076,1.119186408,0,True
872,3180,YJR133W,XPT1,ATGGCCGAAAATGAGAGAATGTACATCTCC,1.7086,0.076,1.119186408,103,True
888,5358,YOR321W,PMT3,ATGCCGTACAGAGTGGCGACGGGCTACAGT,1.8746,0.076,1.119186408,44,True
900,2883,YJL042W,MHP1,ATGGACTCCAAGGACACGCAAAAGTTGCTT,1.721,0.078,1.107905397,78,True
901,2979,YJL137C,GLG2,ATGGCCAAGAAAGTTGCCATCTGTACATTG,1.466,0.08,1.096910013,56,True
903,755,YDL101C,DUN1,ATGAGTTTGTCCACGAAAAGAGAGCACTCT,2.0266,0.082,1.086186148,22,True
907,1862,YGL038C,OCH1,ATGTCTAGGAAGTTGTCCCACCTGATCGCT,1.938,0.082,1.086186148,102,True
932,1894,YGL075C,MPS2,ATGAGTAACGGTGCGTTTGATGCTATTTTT,1.474,0.082,1.086186148,0,True
941,2284,YGR216C,GPI1,ATGCCAAATTACATTTTCTGGCCATACGAA,1.602,0.082,1.086186148,14,True
950,1455,YEL037C,RAD23,ATGGTTAGCTTAACCTTTAAAAATTTCAAG,1.541,0.084,1.075720714,175,True
955,2102,YGR032W,GSC2,ATGTCCTACAACGATCCAAACTTGAATGGA,1.645,0.084,1.075720714,473,True
964,1782,YFR015C,GSY1,ATGGCTCGTGACTTACAAAATCATCTACTG,1.956,0.086,1.065501549,89,True
965,1865,YGL041C-B,YGL041C-B,ATGTTCGATAGTTCTATCGAACGAGTGACT,1.829,0.086,1.065501549,0,True
966,3559,YLL040C,VPS13,ATGTTAGAGTCTTTAGCTGCTAATTTGCTA,2.221,0.086,1.065501549,100,True
967,390,YBR192W,RIM2,ATGCCTAAAAAATCCATTGAAGAATGGGAA,1.681,0.09,1.045757491,164,True
968,3176,YJR129C,EFM3,ATGAATGAAGATCTATTCTACGATAGATTA,1.7506,0.09,1.045757491,15,True
969,3197,YJR149W,YJR149W,ATGTACTTTTTAAACCAACTAATATTTCAA,2.3,0.09,1.045757491,0,True
984,3922,YLR352W,YLR352W,ATGCCAGATTTGAAGTCCAAGACCTTGTCA,2.006,0.09,1.045757491,163,True
988,460,YBR259W,YBR259W,ATGTCCATTGACGAGGCTGTTGCCAGATAT,1.7636,0.094,1.026872146,137,True
993,2350,YGR288W,MAL13,ATGACTTTAACTAAGCAAACATGCGCCAAG,1.527,0.094,1.026872146,86,True
1001,5531,YPL108W,YPL108W,ATGAAAGAAGCATCTGATAGAGAAGAAGCA,1.7306,0.094,1.026872146,0,True
1037,4818,YNR006W,VPS27,ATGTCCGTTAGCACGCCAAGTGAGTTAGAC,2.481,0.096,1.017728767,31,True
1039,1142,YDR254W,CHL4,ATGTCTAACGAATTACGGCTTGAAGATAAC,1.953,0.1,1,71,True
1054,1639,YER133W,GLC7,ATGGACTCACAACCAGTTGACGTTGATAAT,2.195,0.1,1,69,True
1061,2155,YGR088W,CTT1,ATGAACGTGTTCGGTAAAAAAGAAGAAAAG,1.313,0.1,1,112,True
1089,3366,YKL164C,PIR1,ATGCAATACAAAAAATCATTAGTTGCCTCC,2.001,0.1,1,126,True
1105,4510,YNL020C,ARK1,ATGAATCAACCTCAAATTGGCACTTACAAT,2.064,0.1,1,38,True
1108,361,YBR162C,TOS1,ATGTTACAAAAGCTTTCCATGACCGCATTA,2.12,0.102,0.991399828,148,True
1115,2712,YIL077C,YIL077C,ATGTTGGGAAAAGAAGAAGAACAGCAATAT,2.367,0.102,0.991399828,43,True
1117,2777,YIL144W,NDC80,ATGCAAAGCTCAACAAGTACTGATCAACAT,2.708,0.102,0.991399828,443,True
1139,2889,YJL047C-A,YJL047C-A,ATGAAGATAAAAATTTCCATCGAAATTAGT,1.662,0.102,0.991399828,157,True
1142,5613,YPL191C,YPL191C,ATGGATTTAAGTTTCACGACTAAAAGTGTC,1.904,0.102,0.991399828,44,True
1155,1534,YER037W,PHM8,ATGACTATCGCTAAAGATTACAGAACAATT,1.4446,0.104,0.982966661,25,True
1159,4819,YNR007C,ATG3,ATGATTAGATCTACACTAAGTAGTTGGAGA,2.0022,0.104,0.982966661,53,True
1167,2842,YIR034C,LYS1,ATGGCTGCCGTCACATTACATCTAAGAGCT,1.9636,0.106,0.974694135,36,True
1168,1774,YFR008W,FAR7,ATGAGTGACCAAATCAACGTTTTGTCAATG,2.213,0.108,0.966576245,26,True
1172,1891,YGL070C,RPB9,ATGACTACGTTTAGATTTTGTCGTGACTGC,1.5156,0.108,0.966576245,104,True
1182,1915,YGL097W,SRM1,ATGGTCAAAAGAACAGTCGCCACCAATGGA,1.5476,0.108,0.966576245,58,True
1189,3313,YKL104C,GFA1,ATGTGTGGTATCTTTGGTTACTGCAATTAT,1.478,0.108,0.966576245,202,True
1207,3384,YKL183W,LOT5,ATGATGAAAAAAAAACCAAAGTGCCAAATT,1.161,0.108,0.966576245,0,True
1209,535,YCL037C,SRO9,ATGTCTGCTGAAACCGCCGCCGCAAACACT,1.626,0.11,0.958607315,67,True
1210,4683,YNL197C,WHI3,ATGCAAAGTTCAGTTTATTTTGACCAAACA,2.609,0.112,0.950781977,350,True
1234,4856,YNR044W,AGA1,ATGACATTATCTTTCGCTCATTTTACCTAC,1.876,0.112,0.950781977,31,True
1240,4873,YNR061C,YNR061C,ATGTTAAAGTTAACAACAACATCCGTTACT,2.149,0.114,0.943095149,88,True
1242,121,YBL026W,LSM2,ATGCTTTTCTTCTCCTTTTTCAAGACTTTA,1.856,0.116,0.935542011,65,True
1245,2280,YGR212W,SLI1,ATGAATCTTAAACTTTCTGCTATTGAAAGT,2.093,0.118,0.928117993,22,True
1246,326,YBR126C,TPS1,ATGACTACGGATAACGCTAAGGCGCAACTG,1.532,0.122,0.913640169,102,True
1257,678,YDL014W,NOP1,ATGTCATTCAGACCAGGTAGCAGAGGTGGT,2.0032,0.122,0.913640169,128,True
1260,3219,YKL009W,MRT4,ATGCCAAGATCAAAACGTTCCAAGCTAGTC,2.1876,0.122,0.913640169,69,True
1261,2330,YGR267C,FOL2,ATGCATAACATCCAATTAGTGCAAGAGATA,2.589,0.124,0.906578315,213,True
1271,3864,YLR287C,YLR287C,ATGTCTACTGGAAGCAGTGATAGAAAGGAT,1.7286,0.124,0.906578315,175,True
1286,683,YDL020C,RPN4,ATGGCTTCTACGGAACTTAGCCTAAAAAGA,2.1266,0.128,0.89279003,245,True
1287,1089,YDR198C,RKM2,ATGGAAGGAAAGGTTGATGTCTTGCTAACA,1.942,0.128,0.89279003,11,True
1288,2784,YIL151C,ESL1,ATGGTTGACCTAATGGTGCCGGCGAATGAT,1.945,0.128,0.89279003,101,True
1291,3327,YKL120W,OAC1,ATGTCATCTGACAACTCTAAACAAGATAAA,1.881,0.128,0.89279003,78,True
1298,5768,YPR074C,TKL1,ATGACTCAATTCACTGACATTGATAAGCTA,1.594,0.128,0.89279003,110,True
1302,705,YDL046W,NPC2,ATGACCCACAGCTTGAAAGCTCTATTCGCC,1.943,0.13,0.886056648,66,True
1307,1673,YER165W,PAB1,ATGGCTGATATTACTGATAAGACAGCTGAA,1.495,0.13,0.886056648,142,True
1308,2167,YGR100W,MDR1,ATGTCATTTTTTGATTCTTTACGTCAAAAG,2.091,0.13,0.886056648,100,True
1309,5092,YOR037W,CYC2,ATGCTGTGGAAAAATTATGTTCTATCCAGT,2.008,0.13,0.886056648,24,True
1311,5732,YPR032W,SRO7,ATGTTCGGTAGCAAACGTCTGAAAAATGTT,1.543,0.13,0.886056648,79,True
1313,5169,YOR122C,PFY1,ATGTCTTGGCAAGCATACACTGATAACTTA,1.754,0.132,0.879426069,37,True
1317,2181,YGR113W,DAM1,ATGAGCGAAGATAAAGCTAAATTAGGGACC,1.596,0.134,0.872895202,60,True
1325,3447,YKR027W,BCH2,ATGAGTTTTTTATGGGGGTCTACAAAGTCC,1.949,0.134,0.872895202,135,True
1327,4513,YNL023C,FAP1,ATGACCGAACATGAGTCTTTAGGCCTGGAG,2.388,0.134,0.872895202,39,True
1332,2024,YGL216W,KIP3,ATGAACGTGCCTGAAACAAGACAATCCTCC,2.5156,0.136,0.866461092,0,True
1335,4609,YNL122C,YNL122C,ATGAAAATTAGCTTGCATAACAAACGGCAA,1.658,0.136,0.866461092,37,True
1338,965,YDR072C,IPT1,ATGAATGTCATATTTTCTTTGGCGAGTTTC,2.002,0.138,0.860120914,682,True
1345,2709,YIL074C,SER33,ATGTCTTATTCAGCTGCCGATAATTTACAA,2.211,0.138,0.860120914,121,True
1349,3450,YKR030W,GMH1,ATGTCATATTTGCCGACTTATTCCAACGAC,2.131,0.138,0.860120914,55,True
1350,4891,YOL001W,PHO80,ATGGAAAGCACATCAGGAGAACGTTCCGAA,2.397,0.138,0.860120914,396,True
1354,2475,YHR063C,PAN5,ATGACTGCACCACACAGAAGTACTATTCAT,2.0046,0.14,0.853871964,43,True
1355,4699,YNL216W,RAP1,ATGTCTAGTCCAGATGATTTTGAAACTGCA,2.017,0.142,0.847711656,79,True
1361,4700,YNL217W,YNL217W,ATGGAAGATAAGCGGAAAAGACGAGCCGCT,1.4166,0.144,0.841637508,80,True
1367,5495,YPL070W,MUK1,ATGGCTAGACAATTATTCACTCCTCCGATA,2.5016,0.144,0.841637508,204,True
1368,5711,YPR010C,RPA135,ATGAGCAAAGTGATTAAGCCGCCTGGCCAA,2.33,0.146,0.835647144,52,True
1378,1054,YDR166C,SEC5,ATGGATAGGTTTCAAATTGGCGACGAGCAA,2.118,0.148,0.829738285,54,True
1389,2393,YHL036W,MUP3,ATGGAACCGCTGCTTTTTAATAGTGGGAAA,2.133,0.15,0.823908741,31,True
1394,5313,YOR274W,MOD5,ATGCTAAAGGGACCGCTTAAAGGTTGCTTA,1.972,0.15,0.823908741,254,True
1396,335,YBR135W,CKS1,ATGTACCATCACTATCACGCCTTCCAAGGC,1.789,0.152,0.818156412,85,True
1398,1726,YFL025C,BST1,ATGGGTATCAGGAGATTAGTTAGTGTTATA,2.2576,0.152,0.818156412,79,True
1430,4580,YNL090W,RHO2,ATGTCTGAAAAGGCCGTTAGAAGGAAACTT,1.8116,0.152,0.818156412,149,True
1431,572,YCR008W,SAT4,ATGACTGGTATGAATGATAATAATGCCGCT,1.366,0.154,0.812479279,445,True
1436,2180,YGR112W,SHY1,ATGTCTCTACTAGGCGCCAGGTCCACTTAC,2.38,0.154,0.812479279,72,True
1439,2496,YHR082C,KSP1,ATGACTTTAGATTACGAGATTTACAAAGAA,1.837,0.154,0.812479279,864,True
1445,3275,YKL065C,YET1,ATGAGTTTATACTTTACGACATTATTTTTA,2.28,0.154,0.812479279,38,True
1446,4581,YNL091W,NST1,ATGCCCCCAAACTCCAAGAGTAAGAGAAGA,2.0932,0.154,0.812479279,164,True
1455,2484,YHR072W,ERG7,ATGACAGAATTTTATTCTGACACAATCGGT,1.848,0.156,0.806875402,83,True
1487,3705,YLR129W,DIP2,ATGGTCAAATCATACCAACGTTTTGAGCAA,2.452,0.156,0.806875402,102,True
1495,4905,YOL014W,YOL014W,ATGCGACCACATCATTTTTTTTGTGGTAAC,1.621,0.156,0.806875402,491,True
1503,5871,YPR181C,SEC23,ATGGACTTCGAGACTAATGAAGACATCAAC,1.743,0.156,0.806875402,166,True
1510,4845,YNR033W,ABZ1,ATGCTGTCCGATACAATTGACACAAAGCAA,1.97,0.16,0.795880017,38,True
1513,5881,YPR191W,QCR2,ATGTTGTCAGCAGCTAGATTGCAATTTGCC,2.3236,0.16,0.795880017,84,True
1515,1039,YDR148C,KGD2,ATGCTTTCCAGAGCGACGCGTACTGCAGCT,1.9896,0.162,0.790484985,204,True
1522,2116,YGR044C,RME1,ATGTCACCGTGTTATGGACAAAACAGTGCC,2.393,0.162,0.790484985,109,True
1526,1368,YDR487C,RIB3,ATGTTTACACCAATTGATCAAGCTATAGAA,2.121,0.164,0.785156152,64,True
1529,2420,YHR012W,VPS29,ATGTTGTTGTTAGCATTAAGTGATGCACAT,2.441,0.164,0.785156152,155,True
1532,3264,YKL054C,DEF1,ATGTCTACACAATTTAGGAAGTCTAATCAT,2.002,0.166,0.779891912,101,True
1534,836,YDL185W,VMA1,ATGGCTGGTGCAATTGAAAACGCTCGTAAG,1.463,0.168,0.774690718,101,True
1539,1355,YDR473C,PRP3,ATGCCCCCAAGAAATACCTATGAAAAAGGT,2.0216,0.168,0.774690718,66,True
1553,2288,YGR221C,TOS2,ATGTTTAGTCACTACCGCTATAAAGAAAAT,1.724,0.168,0.774690718,98,True
1561,2928,YJL085W,EXO70,ATGCCCGCTGAAATTGACATTGATGAAGCT,1.988,0.168,0.774690718,0,True
1562,2994,YJL155C,FBP26,ATGGGGTACAGTACTATTTCCAACGATAAT,1.767,0.168,0.774690718,178,True
1566,3849,YLR270W,DCS1,ATGTCTCAACTGCCAACAGATTTTGCTTCA,2.651,0.168,0.774690718,84,True
1573,5334,YOR296W,YOR296W,ATGAATCGAACAGTCTCCACATTATCATCT,2.616,0.168,0.774690718,93,True
1574,434,YBR234C,ARC40,ATGTCATTTTCCAATTCTAAAGACAAGTCC,1.941,0.17,0.769551079,47,True
1578,2246,YGR177C,ATF2,ATGGAAGATATAGAAGGATACGAACCACAT,2.017,0.17,0.769551079,0,True
1580,5121,YOR070C,GYP1,ATGGGTGTGAGATCCGCTGCAAAGGAAATG,1.8006,0.17,0.769551079,175,True
1603,5675,YPL256C,CLN2,ATGGCTAGTGCTGAACCAAGACCCCGTATG,2.3026,0.172,0.764471553,183,True
1612,624,YCR065W,HCM1,ATGATGAATGAAGACATATCCATCATTGAT,1.742,0.174,0.759450752,88,True
1615,1302,YDR412W,RRP17,ATGGCTGTTCACACCAATAGGCAAATCCTT,2.163,0.176,0.754487332,36,True
1616,3822,YLR243W,GPN3,ATGTCTCGCGTTGGTGTCATGGTATTAGGA,2.358,0.176,0.754487332,80,True
1618,3874,YLR298C,YHC1,ATGACGAGATACTATTGTGAATACTGTCAT,1.7136,0.176,0.754487332,200,True
1622,2258,YGR191W,HIP1,ATGCCTAGAAACCCATTGAAAAAGGAATAT,2.0216,0.178,0.749579998,180,True
1627,2739,YIL106W,MOB1,ATGTCTTTTCTACAAAATTTTCATATAAGT,2.437,0.178,0.749579998,103,True
1634,365,YBR165W,UBS1,ATGGCTTACTCTTTAACAAGGAAATTGCTG,2.256,0.182,0.739928612,74,True
1637,1674,YER166W,DNF1,ATGTCTGGAACTTTTCATGGCGATGGGCAT,1.751,0.184,0.735182177,0,True
1639,52,YAL055W,PEX22,ATGCCACCACCATCAAGAAGTAGAATAAAC,2.8052,0.186,0.730487056,20,True
1640,376,YBR177C,EHT1,ATGTCAGAAGTTTCCAAATGGCCAGCAATC,2.253,0.186,0.730487056,51,True
1655,666,YDL002C,NHP10,ATGTCAGTTGAAGAAAAAAAGCGCAGACTT,2.0236,0.186,0.730487056,70,True
1656,3474,YKR058W,GLG1,ATGTATAAGAAGCTGGCTATTGCCACATTG,1.744,0.186,0.730487056,157,True
1665,2498,YHR084W,STE12,ATGAAAGTCCAAATAACCAATAGTAGAACA,2.0526,0.188,0.725842151,341,True
1671,2157,YGR090W,UTP22,ATGGCTACAAGTGTTAAAAGAAAAGCATCT,1.9106,0.19,0.721246399,166,True
1672,3077,YJR025C,BNA1,ATGTTTAATACTACACCAATTAATATCGAC,1.676,0.192,0.716698771,67,True
1673,1566,YER062C,GPP2,ATGGGATTGACTACTAAACCTCTATCTTTG,2.44,0.194,0.71219827,198,True
1674,4721,YNL241C,ZWF1,ATGAGTGAAGGCCCCGTCAAATTCGAAAAA,2.032,0.194,0.71219827,113,True
1679,5828,YPR140W,TAZ1,ATGTCTTTTAGGGATGTCCTAGAAAGAGGA,2.0866,0.194,0.71219827,100,True
1707,1672,YER164W,CHD1,ATGGCAGCCAAGGATATTTCTACTGAAGTG,1.887,0.198,0.70333481,28,True
1710,2298,YGR233C,PHO81,ATGAAATTCGGCAAGTATTTGGAAGCCAGG,1.622,0.198,0.70333481,95,True
1715,149,YBL054W,TOD6,ATGACGTTGCCGAAACTCAGTAGCGTTTCT,2.982,0.2,0.698970004,131,True
1717,727,YDL072C,YET3,ATGTCATTATATTACACCTTGGTTTTTGCC,2.31,0.2,0.698970004,56,True
1723,5252,YOR207C,RET1,ATGGTTGCTGCGACAAAAAGACGGAAAACT,1.5776,0.2,0.698970004,25,True
1725,375,YBR176W,ECM31,ATGAATATAATGAAAAGACAATTATGCACC,1.7326,0.204,0.690369833,94,True
1726,2267,YGR200C,ELP2,ATGGTGGAATGTATCACTCCCGAAGCCATT,2.283,0.204,0.690369833,61,True
1728,2635,YHR216W,IMD2,ATGGCCGCCATTAGAGACTACAAGACCGCA,1.6176,0.204,0.690369833,196,True
1736,4575,YNL084C,END3,ATGCCCAAGTTGGAACAATTTGAAATAAAA,2.344,0.206,0.68613278,62,True
1738,5036,YOL148C,SPT20,ATGAGTGCCAATAGCCCGACAGGAAACGAT,2.076,0.206,0.68613278,40,True
1771,772,YDL119C,YDL119C,ATGACTGAGCAAGCAACTAAGCCAAGAAAT,2.0376,0.208,0.681936665,34,True
1774,1257,YDR368W,YPR1,ATGCCTGCTACGTTAAAGAATTCTTCTGCT,2.281,0.208,0.681936665,71,True
1775,3671,YLR090W,XDJ1,ATGAGTGGCAGTGATAGAGGAGACCGGTTA,2.1136,0.208,0.681936665,64,True
1782,1707,YFL005W,SEC4,ATGTCAGGCTTGAGAACTGTTTCTGCTTCA,2.5556,0.21,0.677780705,162,True
1808,3955,YLR387C,REH1,ATGAGCTCTACTTTCTTTACATGCAACTGT,1.925,0.21,0.677780705,87,True
1810,2395,YHL039W,EFM1,ATGATCACCCAAACTGAGCTAGATAACTGC,2.058,0.212,0.673664139,21,True
1811,3948,YLR380W,CSR1,ATGTCCTTTGATAGACAGTTGACCGAAGAC,2.3416,0.212,0.673664139,92,True
1819,667,YDL003W,MCD1,ATGGTTACAGAAAATCCTCAACGTCTTACT,2.639,0.214,0.669586227,111,True
1824,2140,YGR072W,UPF3,ATGAGCAATGTGGCTGGGGAATTGAAGAAT,1.955,0.214,0.669586227,53,True
1831,4663,YNL176C,TDA7,ATGAACTCCAATAGTACCATCGGAAGGACC,1.975,0.214,0.669586227,175,True
1835,903,YDR009W,GAL3,ATGAATACAAACGTTCCAATATTCAGTTCT,2.399,0.216,0.665546249,162,True
1840,2015,YGL206C,CHC1,ATGAGTGACCTACCCATTGAATTTACCGAA,2.533,0.216,0.665546249,56,True
1844,4767,YNL287W,SEC21,ATGTCTGCACATACTTACAAAAAGTTTGAA,1.667,0.216,0.665546249,190,True
1846,964,YDR071C,PAA1,ATGGCCTCCTCAAGTAGCACGCTACCGCTT,3.181,0.218,0.661543506,78,True
1848,521,YCL024W,KCC4,ATGACTGTGGCGAATACCGAGACCCATTCT,2.048,0.22,0.657577319,380,True
1860,1398,YDR519W,FPR2,ATGATGTTTAATATTTACCTTTTCGTCACT,1.868,0.22,0.657577319,47,True
1862,2982,YJL140W,RPB4,ATGAATGTTTCTACATCAACCTTTCAAACA,2.564,0.22,0.657577319,99,True
1865,3552,YLL032C,YLL032C,ATGGATAACTTCAAAATTTACAGTACAGTT,1.826,0.22,0.657577319,168,True
1884,3568,YLL051C,FRE6,ATGCATAGAACGCTTCTGTTTTTAACGTGG,2.1756,0.22,0.657577319,72,True
1891,3855,YLR276C,DBP9,ATGAGCTATGAGAAAAAGTCTGTGGAAGGC,2.141,0.22,0.657577319,108,True
1893,4559,YNL068C,FKH2,ATGTCCAGCAGCAATTTTAACGAGATGAAC,2.236,0.22,0.657577319,125,True
1894,293,YBR089C-A,NHP6B,ATGGCCGCAACTAAAGAAGCAAAGCAACCA,1.944,0.222,0.653647026,439,True
1915,3023,YJL187C,SWE1,ATGAGTTCTTTGGACGAGGATGAAGAGGAC,2.404,0.222,0.653647026,0,True
1924,2744,YIL111W,COX5B,ATGTTGCGTACTTCTCTTACTAAAGGGGCA,2.105,0.224,0.649751982,29,True
1932,3047,YJL217W,REE1,ATGGTCGAATCTAAGAATACTGAATTATCG,2.438,0.224,0.649751982,80,True
1948,5061,YOR006C,TSR3,ATGGGAAAAGGTAAAAATAAGATGCACGAA,1.295,0.224,0.649751982,0,True
1969,5131,YOR080W,DIA2,ATGTCTTCCCCAGGGAATTCAGGCGTGGCT,2.605,0.224,0.649751982,0,True
1997,5446,YPL019C,VTC3,ATGCTATTTGGTATTAAACTGGCTAACGAC,1.745,0.224,0.649751982,126,True
1998,3018,YJL181W,YJL181W,ATGGAGATATTCAAGGAAGAAGAAGAAGAA,1.927,0.226,0.645891561,0,True
1999,3638,YLR055C,SPT8,ATGGACGAGGTTGACGATATTCTAATTAAC,2.075,0.226,0.645891561,31,True
2010,3190,YJR142W,YJR142W,ATGAAGGTCGAGAAATCATCTAAAGGCTTG,2.184,0.228,0.642065153,4,True
2015,818,YDL166C,FAP7,ATGGAAGCAAGACGGTATGGACCGAATATC,1.9646,0.23,0.638272164,59,True
2021,4505,YNL014W,HEF3,ATGTCAGATTCACAACAATCAATCACCGTT,3.361,0.23,0.638272164,0,True
2024,950,YDR057W,YOS9,ATGCAAGCTAAAATTATATATGCTCTGAGC,2.173,0.234,0.630784143,29,True
2028,3031,YJL197W,UBP12,ATGGGTTCTTCAGATGTTTCAAGTCGTGAA,2.803,0.236,0.627087997,51,True
2033,4526,YNL036W,NCE103,ATGAGCGCTACCGAATCTTCATCTATATTC,2.666,0.236,0.627087997,52,True
2041,3916,YLR345W,YLR345W,ATGCCAAATGTGCTTTCTGATGATGAAGAG,2.573,0.238,0.623423043,69,True
2045,1345,YDR462W,MRPL28,ATGCTGGCACAAACATTCAAAAAACCACAC,2.255,0.24,0.619788758,54,True
2048,3005,YJL166W,QCR8,ATGGGTCCTCCAAGCGGTAAAACTTACATG,2.348,0.24,0.619788758,95,True
2049,4794,YNL316C,PHA2,ATGGCCAGCAAGACTTTGAGGGTTCTTTTT,2.271,0.24,0.619788758,57,True
2054,630,YCR072C,RSA4,ATGTCCACCCTGATTCCTCCACCTTCTAAG,3.102,0.242,0.616184634,53,True
2080,1349,YDR466W,PKH3,ATGACGTCTAGGAAAAGGTCTCCGCACGAT,2.255,0.242,0.616184634,97,True
2091,1811,YFR041C,ERJ5,ATGAACGGTTACTGGAAACCTGCGTTGGTT,1.929,0.242,0.616184634,40,True
2102,3859,YLR283W,YLR283W,ATGATGCGGTTAATACGTACATTGCCGCTT,2.728,0.246,0.609064893,6,True
2105,753,YDL099W,BUG1,ATGTCTGAACAGGAGTCTGATGAAGTTAAG,2.713,0.248,0.605548319,70,True
2107,1361,YDR480W,DIG2,ATGAATAAAGAAGAGCAAGAAGACCCACAG,2.788,0.25,0.602059991,282,True
2108,5836,YPR149W,NCE102,ATGCTAGCCCTAGCTGATAACATTCTACGT,2.269,0.25,0.602059991,178,True
2116,4841,YNR030W,ALG12,ATGCGTTGGTCTGTCCTTGATACAGTGCTA,2.548,0.252,0.598599459,70,True
2119,5671,YPL252C,YAH1,ATGCTGAAAATTGTTACTCGGGCTGGACAC,1.968,0.252,0.598599459,31,True
2140,2824,YIR018C-A,YIR018C-A,ATGCCTAGTGATTATACTTCCCATTACCCA,2.672,0.254,0.595166283,823,True
2155,1,YAL002W,VPS8,ATGGAGCAAAATGGCCTTGACCACGACAGC,2.427,0.256,0.591760035,0,True
2157,2045,YGL238W,CSE1,ATGTCCGATTTGGAAACCGTAGCTAAATTT,2.14,0.256,0.591760035,16,True
2160,3617,YLR034C,SMF3,ATGCGATCTTATATGCAGATTCTTCAAAAA,2.808,0.258,0.588380294,165,True
2162,780,YDL127W,PCL2,ATGTCAAACTACGAAGCCTTGCTGAAATTC,2.222,0.262,0.581698709,593,True
2164,2748,YIL115C,NUP159,ATGTCTTCTTTGAAGGATGAAGTACCCACT,2.883,0.262,0.581698709,162,True
2167,3685,YLR104W,LCL2,ATGAGTCAAAGTCGCTGGAGTATCGTTCTC,3.054,0.264,0.578396073,49,True
2168,3963,YLR395C,COX8,ATGTTGTGCCAACAGATGATTAGAACGACA,2.7416,0.264,0.578396073,53,True
2180,4525,YNL035C,YNL035C,ATGGCTAGTTATTCTTTAGTTGAATCGAAT,2.879,0.264,0.578396073,57,True
2181,5146,YOR097C,YOR097C,ATGGATTTGAAAAGGGATTGGTTACGATGG,1.652,0.264,0.578396073,174,True
2196,1622,YER116C,SLX8,ATGGCAAGAAGACCTGATAACCAAAATCCA,2.4082,0.266,0.575118363,101,True
2197,110,YBL015W,ACH1,ATGACAATTTCTAATTTGTTAAAGCAGAGA,2.5456,0.268,0.571865206,78,True
2207,493,YBR295W,PCA1,ATGAAGCCGGAAAAACTCTTCTCCGGTTTA,2.379,0.27,0.568636236,66,True
2212,5057,YOR002W,ALG6,ATGGCCATTGGCAAAAGGTTACTGGTGAAC,2.15,0.27,0.568636236,40,True
2214,809,YDL156W,CMR1,ATGCCGGAATTAACAGAATTTCAGAAAAAA,2.454,0.272,0.565431096,0,True
2216,5791,YPR103W,PRE2,ATGCAAGCTATTGCCGATAGTTTCAGTGTA,2.648,0.272,0.565431096,95,True
2222,4579,YNL088W,TOP2,ATGTCAACTGAACCGGTAAGCGCCTCTGAT,3.005,0.274,0.562249437,62,True
2235,4864,YNR052C,POP2,ATGCAATCTATGAATGTACAACCGAGGGTA,3.439,0.274,0.562249437,96,True
2243,5272,YOR229W,WTM2,ATGGCGAAAAGCAAATCCAGTCAGGGTGCG,2.46,0.274,0.562249437,71,True
2246,354,YBR155W,CNS1,ATGAGCTCCGTTAACGCAAATGGAGGATAT,2.231,0.276,0.559090918,49,True
2257,240,YBR038W,CHS2,ATGACGAGAAACCCGTTTATGGTGGAACCT,2.4536,0.278,0.555955204,93,True
2258,805,YDL150W,RPC53,ATGAGCAGTAATAAAGGAAATGGGCGCTTG,1.945,0.278,0.555955204,0,True
2260,2727,YIL095W,PRK1,ATGAATACTCCACAGATTAGTCTGTATGAA,2.923,0.278,0.555955204,112,True
2262,3424,YKR003W,OSH6,ATGGGCTCCAAAAAACTGACCGTAGGATCT,2.307,0.278,0.555955204,87,True
2267,1884,YGL062W,PYC1,ATGTCGCAAAGAAAATTCGCCGGCTTGAGA,2.2672,0.28,0.552841969,235,True
2271,183,YBL091C-A,SCS22,ATGAGAATAGTGCCAGAAAAGCTGGTGTTC,2.6046,0.282,0.549750892,90,True
2273,430,YBR230W-A,YBR230W-A,ATGAGAAACGAATTATACCAGTTATGGTGT,2.4496,0.286,0.543633967,48,True
2277,5488,YPL063W,TIM50,ATGCTGTCCATTTTAAGAAATTCGGTGAGA,2.9272,0.288,0.540607512,126,True
2280,3719,YLR144C,ACF2,ATGTGTTACAGTAGGCAAGCCATTCCTCCA,2.899,0.29,0.537602002,7,True
2283,446,YBR246W,RRT2,ATGGACTCTATTCAAGAATCAGATGTACTA,3.163,0.292,0.534617149,37,True
2284,3341,YKL137W,CMC1,ATGGAGCAAAACAAAGATCCGCAGATGATC,2.724,0.292,0.534617149,53,True
2286,4684,YNL199C,GCR2,ATGCATCACCAAACTAAGTTAGATGTATTC,2.437,0.292,0.534617149,102,True
2288,5285,YOR244W,ESA1,ATGTCCCATGACGGAAAAGAAGAACCTGGT,2.063,0.292,0.534617149,52,True
2298,628,YCR069W,CPR4,ATGTGGTTGAAATCCTTGCTGCTCTGCCTG,2.884,0.294,0.53165267,210,True
2310,49,YAL051W,OAF1,ATGGTCGAAAATAGTACGCAGAAGGCCCCA,2.774,0.296,0.528708289,8,True
2312,2706,YIL071C,PCI8,ATGTTTCATGGCGCTAAAGGACCTTTATTG,2.278,0.296,0.528708289,30,True
2318,3594,YLR011W,LOT6,ATGAAAGTGGGTATTATAATGGGTTCTGTG,2.262,0.298,0.525783736,102,True
2327,5668,YPL249C,GYP5,ATGTCTTCAGACAAATCTATTGAGAAAAAT,2.288,0.298,0.525783736,29,True
2330,2555,YHR143W,DSE2,ATGAAATTTAATTTTTCTACAATTTTCAAT,1.614,0.3,0.522878745,269,True
2339,3385,YKL184W,SPE1,ATGTCTAGTACTCAAGTAGGAAATGCTCTA,2.838,0.3,0.522878745,220,True
2348,1325,YDR440W,DOT1,ATGGGCGGTCAAGAAAGTATATCAAATAAT,2.504,0.302,0.519993057,76,True
2350,1308,YDR420W,HKR1,ATGGTCTCATTGAAAATAAAAAAAATTTTA,2.273,0.304,0.517126416,31,True
2359,3670,YLR089C,ALT1,ATGTTATCACTGTCTGCCAAAAATCACTTC,2.391,0.304,0.517126416,317,True
2360,5533,YPL110C,GDE1,ATGAAGTTCGGAAAAACCTTTGCCAATCAT,1.472,0.304,0.517126416,0,True
2377,192,YBL100W-C,YBL100W-C,ATGAGTCGTTCTATTTTTTTTTTCTCGTCC,2.819,0.306,0.514278574,0,True
2391,2162,YGR095C,RRP46,ATGAGCGTCCAAGCAGAAATAGGGATATTA,2.997,0.306,0.514278574,83,True
2393,2897,YJL054W,TIM54,ATGTCTTCTGAATCAGGAAAGCCTATTGCT,2.789,0.306,0.514278574,20,True
2395,193,YBL101C,ECM21,ATGCCGTTTATAACATCAAGACCGGTGGCG,2.8236,0.308,0.511449283,284,True
2411,1430,YEL012W,UBC8,ATGAGTAGCTCTAAAAGAAGGATCGAGACA,2.6046,0.308,0.511449283,95,True
2415,2940,YJL098W,SAP185,ATGTCAGGGTCCTTTTGGAAGTTTGGACAA,2.286,0.31,0.508638306,27,True
2420,1431,YEL013W,VAC8,ATGGGTTCATGTTGTAGTTGCTTGAAAGAT,2.221,0.312,0.505845406,0,True
2434,4779,YNL300W,TOS6,ATGAAATTCTCTACTCTCTCCACCGTTGCT,2.55,0.312,0.505845406,93,True
2439,3774,YLR190W,MMR1,ATGAATTCTCCAACAATGAAATCGGAACAA,2.821,0.314,0.503070352,458,True
2463,1108,YDR217C,RAD9,ATGTCAGGCCAGTTAGTTCAATGGAAAAGC,3.173,0.316,0.500312917,47,True
2471,4867,YNR055C,HOL1,ATGGACAAATATACCAACAGGGATCATCCG,1.765,0.316,0.500312917,241,True
2475,3349,YKL144C,RPC25,ATGTTTATCCTTTCAAAAATCGCTGACTTG,2.307,0.318,0.49757288,62,True
2484,405,YBR203W,COS111,ATGTCAAGTGCTTCAAGACTTCAAAACGTC,3.1786,0.32,0.494850022,226,True
2485,1808,YFR038W,IRC5,ATGAGCAGATGCTCAAACGCGGCGCTGATG,2.2606,0.32,0.494850022,0,True
2488,76,YAR015W,ADE1,ATGTCAATTACGAAGACTGAACTGGACGGT,2.156,0.322,0.492144128,50,True
2496,3472,YKR056W,TRM2,ATGTACGAACAGTTTGAATTTTCTTTTTTT,2.576,0.322,0.492144128,245,True
2498,437,YBR237W,PRP5,ATGGAAACTATTGATTCGAAGCAAAATATT,2.366,0.324,0.48945499,288,True
2500,811,YDL159W,STE7,ATGTTTCAACGAAAGACTTTACAGAGAAGG,2.7606,0.326,0.4867824,46,True
2503,1001,YDR108W,TRS85,ATGGTTTTTTCTTATGAGCACTATATGAAT,2.177,0.326,0.4867824,0,True
2511,1728,YFL027C,GYP8,ATGCCATTAAGGTCATTATTTCATACTAAT,2.743,0.326,0.4867824,126,True
2513,1332,YDR449C,UTP6,ATGTCGAAGACAAGATACTATTTGGAACAA,2.7716,0.328,0.484126156,488,True
2515,464,YBR263W,SHM1,ATGTTTCCCAGAGCTTCTGCATTGGCCAAA,2.3616,0.33,0.48148606,0,True
2518,1189,YDR302W,GPI11,ATGCCAGCTAAAAAAAGGACTAGAAAGACA,1.7836,0.33,0.48148606,143,True
2527,2207,YGR142W,BTN2,ATGTTTTCCATATTCAATTCACCATGTGTT,2.728,0.33,0.48148606,81,True
2534,502,YCL001W,RER1,ATGGATTACGATAGCTCTGATACAATGAAC,1.99,0.334,0.476253533,58,True
2554,75,YAR014C,BUD14,ATGAGTAATAAGGAAGAGCATGTTGATGAG,2.383,0.336,0.473660723,151,True
2555,4861,YNR049C,MSO1,ATGATGAGTCAAGTATCGCATTCCCAAGAA,3.645,0.338,0.4710833,68,True
2558,5224,YOR179C,SYC1,ATGGATTTACCCAAGGACAAAAGTGACAGA,2.2166,0.338,0.4710833,26,True
2562,2684,YIL047C,SYG1,ATGAAGTTTGCTGACCATCTAACCGAGTCT,2.15,0.342,0.465973894,214,True
2564,171,YBL079W,NUP170,ATGTTTCAAAGTTTTTTCCACAACAATGGG,1.956,0.346,0.460923901,27,True
2595,907,YDR014W,RAD61,ATGAGAGCATATGGAAAGAGGGGCCCAGTT,2.2116,0.35,0.455931956,52,True
2608,4914,YOL022C,TSR4,ATGTCCAAAATAGAAGAGCTACCACCATCA,3.321,0.352,0.453457337,26,True
2635,5769,YPR075C,OPY2,ATGTCGAGCTCCTCCAAGGCTTCTGCAAGT,3.26,0.352,0.453457337,68,True
2643,800,YDL145C,COP1,ATGAAGATGTTAACTAAATTTGAATCAAAG,1.91,0.356,0.448550002,239,True
2669,1378,YDR498C,SEC20,ATGGTCGTGACATTTTTGCAGGACCTGGAA,3.231,0.356,0.448550002,32,True
2670,3212,YKL003C,MRP17,ATGCTTTATGAGCTGATCGGACTTGTTCGC,2.863,0.356,0.448550002,26,True
2681,1717,YFL016C,MDJ1,ATGGCTTTCCAACAAGGTGTATTGTCAAGG,3.264,0.358,0.446116973,101,True
2684,1848,YGL022W,STT3,ATGGGATCCGACCGGTCGTGTGTTTTGTCT,3.043,0.358,0.446116973,68,True
2685,3412,YKL214C,YRA2,ATGGACAAAGCATTTGACGAAATTATTGGA,1.689,0.362,0.441291429,56,True
2700,30,YAL033W,POP5,ATGGTACGTTTAAAAAGTAGATATATCCTT,2.7006,0.364,0.438898616,17,True
2702,854,YDL205C,HEM3,ATGGGCCCTGAAACTCTACATATTGGTGGG,2.463,0.364,0.438898616,218,True
2706,969,YDR076W,RAD55,ATGTCGCTTGGTATACCACTTTCCCAATTA,3.842,0.364,0.438898616,0,True
2709,2881,YJL039C,NUP192,ATGAAATGGTCTGCAATTCCTTTCCAAACA,2.59,0.364,0.438898616,17,True
2712,5127,YOR076C,SKI7,ATGTCGTTATTAGAGCAATTAGCAAGAAAA,3.3576,0.364,0.438898616,0,True
2716,5380,YOR346W,REV1,ATGGGTGAACATGGTGGTCTTGTAGATTTA,2.491,0.364,0.438898616,163,True
2725,5394,YOR360C,PDE2,ATGTCCACCCTTTTTCTGATTGGAATACAC,2.592,0.366,0.436518915,222,True
2727,888,YDL241W,YDL241W,ATGAACGTAACTGAAAATGCTCTATTGTTT,2.516,0.368,0.434152181,172,True
2732,1335,YDR452W,PPN1,ATGGTTGTAGTGGGTAAGAGTGAAGTGCGC,2.89,0.368,0.434152181,151,True
2735,3666,YLR085C,ARP6,ATGGAAACACCACCCATTGTGATTGATAAT,2.71,0.368,0.434152181,11,True
2739,5138,YOR089C,VPS21,ATGAACACATCAGTCACTTCCATAAAGTTG,2.657,0.368,0.434152181,49,True
2740,5771,YPR079W,MRL1,ATGTTGAAACGATCATCTCTAATATATCTA,3.161,0.368,0.434152181,90,True
2744,2515,YHR102W,KIC1,ATGACGACGAAGCCACAAAATAGTAAGCAG,2.88,0.37,0.431798276,166,True
2748,4522,YNL032W,SIW14,ATGGGTTTATATCAAGCAAAGAATGATGAG,2.185,0.37,0.431798276,131,True
2749,2439,YHR029C,YHI9,ATGACTTTAATGGTACCTTTCAAACAAGTT,3.056,0.374,0.427128398,128,True
2752,3009,YJL171C,YJL171C,ATGTTACAGAGTATAGTCCTTTCCGTGTGC,3.886,0.374,0.427128398,66,True
2763,3375,YKL174C,TPO5,ATGCCAGAGTATACGCTACTGGCTGATAAT,2.68,0.374,0.427128398,90,True
2768,1618,YER112W,LSM4,ATGCTACCTTTATATCTTTTAACAAATGCG,3.227,0.376,0.424812155,88,True
2771,3342,YKL138C,MRPL31,ATGTTTGGCCCATTCAAATTAACAAGCCCC,2.698,0.378,0.4225082,99,True
2777,1446,YEL027W,VMA3,ATGACTGAATTGTGTCCTGTCTACGCCCCT,2.977,0.38,0.420216403,63,True
2784,3272,YKL062W,MSN4,ATGCTAGTCTTCGGACCTAATAGTAGTTTC,3.069,0.38,0.420216403,137,True
2788,4696,YNL213C,RRG9,ATGAACATTCTGCGAATAGCATGTCGTTCT,2.332,0.38,0.420216403,103,True
2801,3860,YLR284C,ECI1,ATGTCGCAAGAAATTAGGCAAAATGAGAAA,3.194,0.382,0.417936637,43,True
2807,5135,YOR085W,OST3,ATGAATTGGCTGTTTTTGGTCTCGCTGGTT,2.959,0.382,0.417936637,60,True
2812,1209,YDR320C,SWA2,ATGTCAGATCCATTTGCACATTTACTGACT,2.874,0.384,0.415668776,89,True
2814,480,YBR281C,DUG2,ATGTACGATAGCAGGGGTGTCGCATTGCAC,2.463,0.386,0.413412695,414,True
2824,2564,YHR152W,SPO12,ATGTCCAACAAGGCAAGTGACCAATCAGCA,2.883,0.386,0.413412695,95,True
2825,647,YCR091W,KIN82,ATGACTCAGCAAGAATACCGTTCCCCCTCA,3.874,0.388,0.411168274,65,True
2828,1182,YDR295C,HDA2,ATGAGTAGGAAAAATTCTAAGAAACTAAAA,1.961,0.388,0.411168274,263,True
2842,5017,YOL128C,YGK3,ATGCTTAAAGTGAATAACGTTTTCGGGAGC,2.396,0.39,0.408935393,323,True
2853,298,YBR094W,PBY1,ATGCGGGTTTTAATAACTAACGATGATGGT,2.141,0.392,0.406713933,56,True
2856,3436,YKR016W,MIC60,ATGATGCTAAGAACTACTGCCTCACGAAAA,2.2176,0.394,0.404503778,40,True
2865,796,YDL141W,BPL1,ATGAATGTATTAGTCTATAATGGCCCAGGG,2.632,0.396,0.402304814,185,True
2881,1532,YER035W,EDC2,ATGGGTTCCGAGACAAAACATTCTGCAAAA,2.221,0.396,0.402304814,207,True
2883,4654,YNL164C,IBD2,ATGACACCTACAAACCAATCTAGTGGAACG,3.072,0.396,0.402304814,165,True
2889,136,YBL039W-B,YBL039W-B,ATGGGCTTTTTTAACAATAATCCGGTAATT,2.145,0.398,0.400116928,284,True
2896,262,YBR059C,AKL1,ATGTCGATCACGAATGGTACTTCTAGAAGC,2.6936,0.398,0.400116928,136,True
2897,5470,YPL045W,VPS16,ATGAAAAACCCTAGCTTCGACTGGGAAAGA,2.0926,0.398,0.400116928,112,True
2910,2500,YHR086W,NAM8,ATGTCCTATAAACAAACAACATATTATCCT,2.832,0.402,0.395773947,206,True
2919,4007,YLR439W,MRPL4,ATGTGGAAGAGATCGTTCCACTCCCAAGGA,2.6156,0.402,0.395773947,50,True
2923,4630,YNL141W,AAH1,ATGGTTTCTGTGGAGTTTTTACAGGAGTTA,3.807,0.402,0.395773947,70,True
2928,4650,YNL161W,CBK1,ATGTATAATAGCAGCACCAATCATCATGAG,2.376,0.402,0.395773947,173,True
2929,3952,YLR384C,IKI3,ATGGTTGAACATGACAAGAGTGGGTCAAAG,2.327,0.404,0.393618635,60,True
2934,4588,YNL097C-B,YNL097C-B,ATGACAGCAAAGACGAAACAAAGCTGGAAT,2.081,0.404,0.393618635,101,True
2937,3934,YLR363C,NMD4,ATGACACAATATAATTTCATTATAGATGCT,2.181,0.406,0.391473966,43,True
2940,694,YDL033C,SLM3,ATGCTGGCAAGATATTTAAATTTAATAGGA,2.6116,0.408,0.389339837,0,True
2967,4923,YOL031C,SIL1,ATGGTCCGGATTCTTCCCATAATTTTGAGC,3.368,0.408,0.389339837,184,True
2976,5545,YPL122C,TFB2,ATGAGTGACTATTCCCTGAAGCATTCGGTC,3.079,0.408,0.389339837,29,True
2978,2732,YIL101C,XBP1,ATGAAATATCCCGCTTTTAGCATTAACAGT,2.542,0.41,0.387216143,114,True
2979,789,YDL134C,PPH21,ATGGATACAGATTTAGATGTGCCTATGCAA,2.888,0.412,0.385102784,488,True
2982,1634,YER128W,VFA1,ATGATAAATGAGTACGTTGCCAGAAAGGTC,2.1886,0.412,0.385102784,103,True
2987,3869,YLR291C,GCD7,ATGTCCTCTCAAGCATTCACTTCAGTACAT,3.334,0.412,0.385102784,148,True
2990,114,YBL019W,APN2,ATGTCATCAAGCGAAAACACGTTACTGGAT,3.288,0.416,0.380906669,61,True
2994,5428,YPL001W,HAT1,ATGTCTGCCAATGATTTCAAGCCTGAAACG,2.233,0.416,0.380906669,8,True
3004,4582,YNL092W,YNL092W,ATGGACGAGAATGAATTTGATAATCAAAGG,2.196,0.418,0.378823718,131,True
3005,2740,YIL107C,PFK26,ATGTTCAAACCAGTAGACTTCTCTGAAACA,2.56,0.42,0.37675071,173,True
3009,283,YBR081C,SPT7,ATGACTGAAAGAATACCAATAAAGAATTAT,2.2406,0.422,0.374687549,147,True
3016,1679,YER171W,RAD3,ATGAAGTTTTATATAGATGATTTACCAGTG,2.436,0.422,0.374687549,130,True
3018,1580,YER075C,PTP3,ATGAAGGACAGTGTAGACTGCCCAAGCATT,2.705,0.424,0.372634143,0,True
3020,162,YBL068W,PRS4,ATGAATTCAGAGTCTCGAGAAGATATGGCT,2.509,0.426,0.370590401,54,True
3023,330,YBR129C,OPY1,ATGATAGCAGGTGCGACTGCTCCGTCAAGT,2.85,0.426,0.370590401,36,True
3031,1389,YDR510W,SMT3,ATGTCGGACTCAGAAGTCAATCAAGAAGCT,3.171,0.43,0.366531544,69,True
3047,2196,YGR129W,SYF2,ATGGATTTTTACAAATTAGACGAGAAGCTG,2.079,0.43,0.366531544,22,True
3059,819,YDL167C,NRP1,ATGCACTATGTGGTACTAGAGCTGCAAGTT,3.721,0.432,0.364516253,44,True
3077,1655,YER148W,SPT15,ATGGCCGATGAGGAACGTTTAAAGGAGTTT,2.208,0.432,0.364516253,189,True
3083,5258,YOR213C,SAS5,ATGGATCATTCAATAGAAGTCACTTTCAGA,2.4546,0.432,0.364516253,108,True
3086,2091,YGR023W,MTL1,ATGGCAAGCTGCAATCCGACCAGGAAGAAG,2.139,0.434,0.36251027,162,True
3103,5580,YPL158C,AIM44,ATGATCATCAGAGCTCCAATAAGGACAAAA,2.3166,0.434,0.36251027,142,True
3109,1155,YDR263C,DIN7,ATGGGAATACCTGGCTTACTGCCTCAATTA,3.753,0.436,0.360513511,139,True
3120,1553,YER052C,HOM3,ATGCCAATGGATTTCCAACCTACATCAAGT,3.486,0.436,0.360513511,80,True
3128,795,YDL140C,RPO21,ATGGTAGGACAACAGTATTCTAGTGCTCCA,3.831,0.438,0.358525889,516,True
3136,2010,YGL201C,MCM6,ATGTCATCCCCTTTTCCAGCTGACACACCA,3.367,0.44,0.356547324,59,True
3137,3344,YKL139W,CTK1,ATGTCCTACAATAATGGCAATACTTATTCA,2.149,0.44,0.356547324,196,True
3148,2107,YGR036C,CAX4,ATGAATAGTACCGCCGCTGCAATAAATCCA,2.487,0.442,0.354577731,178,True
3150,2702,YIL067C,YIL067C,ATGGGTGTGCATTTTGATGATAATGCTAAC,1.772,0.442,0.354577731,0,True
3153,2929,YJL087C,TRL1,ATGCCTAGCCCATATGACGGTAAAAGAACA,2.5776,0.442,0.354577731,0,True
3157,4927,YOL036W,YOL036W,ATGGAACACCAAGATAGTTCGCCACCTAGA,3.6436,0.442,0.354577731,388,True
3158,197,YBL105C,PKC1,ATGAGTTTTTCACAATTGGAGCAGAACATT,3.734,0.444,0.35261703,325,True
3162,1311,YDR423C,CAD1,ATGGGCAATATCCTTCGGAAAGGTCAGCAA,2.858,0.444,0.35261703,1,True
3176,5709,YPR008W,HAA1,ATGGTCTTGATAAATGGCATAAAGTATGCC,2.251,0.444,0.35261703,133,True
3180,416,YBR216C,YBP1,ATGGAACCAATTGATGACATACTTTTTGAG,2.702,0.446,0.350665141,35,True
3187,4628,YNL139C,THO2,ATGGCAGAACAGACGCTACTTTCCAAATTG,3.472,0.446,0.350665141,0,True
3190,1513,YER017C,AFG3,ATGATGATGTGGCAACGATATGCAAGGGGT,2.151,0.448,0.348721986,86,True
3191,1999,YGL190C,CDC55,ATGGCACAAAACAATTTTGATTTTAAATTC,1.76,0.448,0.348721986,411,True
3197,3599,YLR016C,PML1,ATGTTTCACAGACGCAAAAGACCTTATAAC,2.0892,0.45,0.346787486,150,True
3210,4821,YNR009W,NRM1,ATGTCCATTATGAAGCAGAGGCTACCACTG,3.395,0.45,0.346787486,147,True
3211,1139,YDR251W,PAM1,ATGACATCTGCATTAAGGGTTTTGGTATGC,3.332,0.452,0.344861565,306,True
3212,4743,YNL263C,YIF1,ATGTCTTATAATCCGTACGCATATGCAACA,2.532,0.452,0.344861565,145,True
3213,5352,YOR315W,SFG1,ATGGATGAAATGCATTCTTCAGACACACTT,2.741,0.454,0.342944147,80,True
3219,3136,YJR089W,BIR1,ATGGATGGTCAAATAGATAAAATGGAGAAG,2.118,0.458,0.339134522,122,True
3225,4571,YNL080C,EOS1,ATGACGTGGATACTAAGTACTGGTATGGGC,2.301,0.458,0.339134522,172,True
3226,5304,YOR265W,RBL2,ATGGCACCCACACAATTGGATATAAAAGTC,3.132,0.458,0.339134522,32,True
3232,5555,YPL132W,COX11,ATGATAAGAATATGTCCCATTGTTAGATCT,2.8472,0.458,0.339134522,153,True
3235,5361,YOR324C,FRT1,ATGAACTTGCTAATTGACCGGATGGAGAAT,2.416,0.462,0.335358024,157,True
3239,1168,YDR280W,RRP45,ATGGCCAAAGACATTGAGATATCCGCATCC,2.495,0.464,0.333482019,150,True
3244,4712,YNL231C,PDR16,ATGTTCAAGAGATTTAGCAAAAAGAAGGAG,1.7136,0.464,0.333482019,264,True
3248,238,YBR036C,CSG2,ATGTCTACCACACTACTTTGGTTTTCAAGT,3.143,0.466,0.331614083,49,True
3250,2812,YIR006C,PAN1,ATGTATAACCCGTACCAGCAACAGGGCATG,3.604,0.466,0.331614083,48,True
3251,4886,YNR074C,AIF1,ATGACAATTAACACAAAGAACATAGTTGTT,2.208,0.466,0.331614083,446,True
3253,1286,YDR394W,RPT3,ATGGAGGAACTAGGTATTGTGACACCTGTC,3.325,0.468,0.329754147,92,True
3259,2562,YHR150W,PEX28,ATGAGTGAGACCAGCTCAAGTCGCAGGAGC,3.625,0.47,0.327902142,53,True
3264,5220,YOR175C,ALE1,ATGTACAATCCTGTGGACGCTGTTTTAACA,2.913,0.47,0.327902142,75,True
3267,5320,YOR283W,YOR283W,ATGACTAAGGAAGTACCATATTATTGCGAT,2.455,0.472,0.326058001,83,True
3272,5710,YPR009W,SUT2,ATGAAGCCGAACAATCGAACTTGTGATGTA,2.158,0.472,0.326058001,120,True
3273,2990,YJL149W,DAS1,ATGCCATTTCAAGATTATTTTCAGAAGAAA,2.597,0.474,0.324221658,46,True
3275,5571,YPL150W,YPL150W,ATGGTTAATCCTGTTGGATCCTCGAAATTG,3.41,0.474,0.324221658,111,True
3293,18,YAL021C,CCR4,ATGAACGACCCTTCTTTACTAGGCTACCCT,3.343,0.476,0.322393047,40,True
3294,3857,YLR278C,YLR278C,ATGGGCCGTCCAAGGAAGAATGTTAGCCAG,3.002,0.478,0.320572103,165,True
3302,71,YAR007C,RFA1,ATGAGCAGTGTTCAACTTTCGAGGGGCGAT,3.685,0.48,0.318758763,69,True
3309,5437,YPL010W,RET3,ATGTCTTCTTTATCGCTATATACTGTTCAG,4.127,0.482,0.316952962,67,True
3313,103,YBL008W,HIR1,ATGAAAGTGGTAAAGTTTCCATGGTTGGCT,2.514,0.484,0.315154638,0,True
3319,2216,YGR150C,CCM1,ATGTACATGGCCAGATGTGGCCCCAAGAAT,2.0906,0.484,0.315154638,53,True
3327,5112,YOR061W,CKA2,ATGCCATTACCTCCGTCAACATTGAACCAG,4.267,0.484,0.315154638,134,True
3331,1307,YDR419W,RAD30,ATGTCAAAATTTACTTGGAAGGAGTTGATT,2.252,0.486,0.313363731,3,True
3332,3499,YKR084C,HBS1,ATGGCTTACAGTGACTACAGCGATGGAGCA,2.453,0.486,0.313363731,24,True
3341,2669,YIL033C,BCY1,ATGGTATCTTCTTTGCCCAAGGAATCGCAA,4.09,0.49,0.30980392,149,True
3342,320,YBR119W,MUD1,ATGTCAGCACTGTACTTTCAAAATTTACCC,3.561,0.492,0.308034897,72,True
3344,1338,YDR456W,NHX1,ATGCTATCCAAGGTATTGCTGAATATAGCT,3.153,0.492,0.308034897,59,True
3349,5843,YPR157W,TDA6,ATGCATTGCGTACTAGCGCGAATATTGTTA,3.097,0.492,0.308034897,92,True
3354,1287,YDR395W,SXM1,ATGGTACAAGAACAGGCAATTTTGAGCTGC,3.794,0.494,0.306273051,106,True
3366,5015,YOL126C,MDH2,ATGCCTCACTCAGTTACACCATCCATAGAA,3.715,0.494,0.306273051,170,True
3372,5079,YOR023C,AHC1,ATGATGAGTCCCGCCCAAGATAAACTGCAG,3.604,0.494,0.306273051,64,True
3375,487,YBR288C,APM3,ATGTATTTGTCATTCTATATCACTGATACA,2.494,0.5,0.301029996,29,True
3384,1738,YFL037W,TUB2,ATGAGAGAAATCATTCATATCTCGACAGGT,2.5466,0.502,0.302770657,66,True
3385,5178,YOR131C,YOR131C,ATGACAAAGCTACAAGGACTACAGGGATTA,3.566,0.502,0.302770657,65,True
3387,5449,YPL022W,RAD1,ATGTCTCAGTTATTTTATCAGGGCGACTCT,3.688,0.502,0.302770657,81,True
3398,777,YDL124W,YDL124W,ATGTCATTTCACCAACAGTTCTTTACCTTG,3.349,0.504,0.304518324,56,True
3412,2534,YHR121W,LSM12,ATGAGTGTCAGCCTTGAGCAAACGCTCGGA,4.055,0.504,0.304518324,68,True
3424,569,YCR004C,YCP4,ATGGTAAAGATTGCGATAATTACTTACTCT,2.538,0.508,0.308034897,185,True
3431,3294,YKL085W,MDH1,ATGTTGTCAAGAGTAGCTAAACGTGCGTTT,2.6966,0.51,0.30980392,116,True
3434,88,YAR042W,SWH1,ATGGAACAACCTGATCTATCGTCTGTGGCC,3.977,0.514,0.313363731,94,True
3436,1775,YFR009W,GCN20,ATGGCAAGCATCGGTTCGCAAGTGAGAAAA,3.1736,0.514,0.313363731,72,True
3446,2801,YIL167W,YIL167W_CDS,ATGGAAATGACTTACTATGAAAAGACACCT,2.425,0.514,0.313363731,0,True
3447,5137,YOR087W,YVC1,ATGGTATCAGCCAACGGCGACTTGCACTTG,2.993,0.514,0.313363731,82,True
3450,5173,YOR126C,IAH1,ATGGATTACGAGAAGTTTCTGTTATTTGGG,2.373,0.516,0.315154638,56,True
3461,5721,YPR021C,AGC1,ATGGAGCAAATCAATTCGAACAGTAGAAAA,2.9706,0.52,0.318758763,219,True
3462,1562,YER059W,PCL6,ATGTCTATCAAAGGTGATTCCCCCTCATCA,3.351,0.522,0.320572103,176,True
3468,3332,YKL126W,YPK1,ATGTATTCTTGGAAGTCAAAGTTTAAGTTT,1.976,0.524,0.322393047,190,True
3472,1612,YER105C,NUP157,ATGTATTCAACTCCACTAAAAAAGAGGATT,2.762,0.528,0.326058001,38,True
3474,1037,YDR146C,SWI5,ATGGATACATCAAACTCTTGGTTTGATGCC,2.327,0.53,0.327902142,0,True
3499,3302,YKL093W,MBR1,ATGAGGATGGAAAAAACAACAGACAAACCA,2.21,0.532,0.329754147,70,True
3506,2312,YGR247W,CPD1,ATGGCAATAGCATTATGGTATTGTCCACCA,2.869,0.536,0.333482019,96,True
3508,3510,YKR095W,MLP1,ATGTCGGATCATGATACTCCAATGGAAAGC,2.956,0.538,0.335358024,0,True
3510,706,YDL047W,SIT4,ATGGTATCTAGAGGCCCCGACGAATGGCTT,3.1176,0.54,0.337242168,237,True
3542,4543,YNL053W,MSG5,ATGCAATTTCACTCAGATAAGCAGCATTTG,3.295,0.54,0.337242168,329,True
3548,4646,YNL157W,IGO1,ATGTCGAATGAAAACTTATCTCCCAATAGT,3.556,0.54,0.337242168,129,True
3552,2527,YHR114W,BZZ1,ATGAGTGCAGATTTATCGATTGGTAATGAA,3.067,0.542,0.339134522,47,True
3554,3158,YJR110W,YMR1,ATGGAGTACATCAAGATTGCCAAAGTATCT,2.535,0.542,0.339134522,0,True
3555,5393,YOR359W,VTS1,ATGAAACATCCGTATGAGGAATTCCCCACA,2.811,0.542,0.339134522,97,True
3559,3250,YKL040C,NFU1,ATGTTCAAATCAGTGGCTAAATTGGGGAAG,2.397,0.546,0.342944147,433,True
3561,2511,YHR098C,SFB3,ATGTCTCAGCAGAATATTTTGGCAGCTAGT,4.06,0.548,0.344861565,75,True
3568,345,YBR146W,MRPS9,ATGTTTTCAAGGCTTTCTTTGTTTCGAAGG,3.288,0.55,0.346787486,63,True
3591,2164,YGR097W,ASK10,ATGTCTGATTACTTTAGTTCCAGACCTTCG,3.6146,0.55,0.346787486,162,True
3594,966,YDR073W,SNF11,ATGAGCAGTGAAATTGCCTACTCGAATACG,3.109,0.552,0.348721986,282,True
3598,1298,YDR408C,ADE8,ATGGCCAGAATTGTCGTATTAATTTCGGGC,3.2946,0.552,0.348721986,192,True
3599,2700,YIL065C,FIS1,ATGACCAAAGTAGATTTTTGGCCAACTCTT,2.603,0.552,0.348721986,51,True
3602,2807,YIR001C,SGN1,ATGTCCCAGGAAGAGAAAGTGGATGCTAAG,3.045,0.552,0.348721986,76,True
3617,3191,YJR143C,PMT4,ATGTCTGTGCCCAAAAAACGTAACCATGGG,2.508,0.552,0.348721986,67,True
3638,3692,YLR113W,HOG1,ATGACCACTAACGAGGAATTCATTAGGACA,2.341,0.552,0.348721986,323,True
3646,4976,YOL087C,DUF1,ATGAATCAGTTGACAGTGAGTTATGGCCTA,3.586,0.552,0.348721986,250,True
3650,4709,YNL227C,JJJ1,ATGAAGACCTGCTACTATGAGCTTTTAGGG,2.543,0.556,0.35261703,44,True
3663,773,YDL120W,YFH1,ATGATTAAGCGGTCTCTCGCAAGTTTAGTT,3.44,0.558,0.354577731,82,True
3666,3153,YJR105W,ADO1,ATGACCGCACCATTGGTAGTATTGGGTAAC,3.488,0.56,0.356547324,35,True
3670,2049,YGL243W,TAD1,ATGGTTTCGTGCCAAGGAACAAGGCCATGC,3.517,0.562,0.358525889,0,True
3671,3253,YKL043W,PHD1,ATGTACCATGTTCCTGAAATGAGGCTACAT,3.035,0.564,0.360513511,271,True
3673,3697,YLR118C,YLR118C,ATGAATGGACTTAGAGTTGCAGCAAAAATT,2.3466,0.568,0.364516253,35,True
3685,5758,YPR063C,YPR063C,ATGACTTTGAATAACGTTGCAAGGCCCGAC,2.884,0.57,0.366531544,359,True
3686,465,YBR264C,YPT10,ATGGAAGCAACCATCAAAGTGGTACTGCTA,3.259,0.572,0.368556231,126,True
3688,598,YCR033W,SNT1,ATGGGGTATCCGCCACCTACACGAAGGCTT,3.497,0.572,0.368556231,294,True
3692,4637,YNL147W,LSM7,ATGCATCAGCAACACTCCAAATCAGAGAAC,3.634,0.572,0.368556231,216,True
3697,1539,YER040W,GLN3,ATGCAAGACGACCCCGAAAATTCGAAGCTG,3.474,0.574,0.370590401,82,True
3698,2513,YHR100C,GEP4,ATGAACATCAGTGGCACCTTAAATACGCTC,2.893,0.574,0.370590401,0,True
3705,1860,YGL036W,YGL036W,ATGCAGAAGTGTGCTGGCCATGCACCACTG,3.094,0.576,0.372634143,55,True
3707,2725,YIL093C,RSM25,ATGAAGATACAAACAAATGCTGTAAACGTC,2.88,0.576,0.372634143,68,True
3711,637,YCR079W,PTC6,ATGCGGCTGGGGAATGCTTATGCGTATTGC,2.214,0.578,0.374687549,89,True
3719,2856,YJL006C,CTK2,ATGCCTAGCACGTTTGAATCCCAGCTTTTT,3.957,0.582,0.378823718,30,True
3725,1715,YFL013C,IES1,ATGGGGAAGAGAGTATACGATCCAATTCAT,2.4956,0.584,0.380906669,422,True
3726,612,YCR047C,BUD23,ATGTCACGTCCTGAGGAGTTGGCACCACCG,4.07,0.586,0.382999659,89,True
3772,3225,YKL015W,PUT3,ATGGTGACCGACCAAGGCAGTAGGCATTCG,3.49,0.586,0.382999659,100,True
3774,2411,YHR005C,GPA1,ATGGGGTGTACAGTGAGTACGCAAACAATA,3.198,0.588,0.385102784,84,True
3801,3990,YLR421C,RPN13,ATGAGTATGAGTTCAACTGTAATTAAATTC,3.273,0.588,0.385102784,30,True
3812,1210,YDR320C-A,DAD4,ATGGAGAACCCTCATGAACAAGTGCAGGCT,3.984,0.59,0.387216143,14,True
3822,1234,YDR346C,SVF1,ATGTTGAAGTGGATAAAAGGTGGGATCTCA,2.383,0.59,0.387216143,158,True
3832,1515,YER019C-A,SBH2,ATGGCAGCTTCAGTTCCACCAGGAGGTCAG,3.787,0.59,0.387216143,78,True
3836,2865,YJL020C,BBC1,ATGAGTGAACCCGAAGTGCCCTTCAAGGTG,3.646,0.59,0.387216143,74,True
3848,3331,YKL125W,RRN3,ATGATGGCTTTTGAGAATACAAGTAAACGA,2.275,0.59,0.387216143,116,True
3849,3711,YLR135W,SLX4,ATGGAACTTCAGAGGGCACAACGGAATTTG,3.793,0.59,0.387216143,50,True
3850,1105,YDR213W,UPC2,ATGAGCGAAGTCGGTATACAGAATCACAAG,3.05,0.594,0.391473966,0,True
3855,2471,YHR059W,FYV4,ATGATACCTTCCCGGATTAGCCACAAATTT,3.142,0.594,0.391473966,54,True
3856,3387,YKL186C,MTR2,ATGAACACCAATAGTAATACTATGGTAATG,2.485,0.594,0.391473966,372,True
3857,5062,YOR007C,SGT2,ATGTCAGCATCAAAAGAAGAAATTGCTGCC,2.88,0.594,0.391473966,40,True
3858,703,YDL045C,FAD1,ATGCAGTTGAGCAAGGCTGCTGAGATGTGT,3.109,0.596,0.393618635,144,True
3859,2463,YHR051W,COX6,ATGTTATCAAGGGCCATATTCAGAAATCCA,3.0256,0.596,0.393618635,160,True
3860,5139,YOR090C,PTC5,ATGTCTCCCTTAACTAGAACCGTAGCTATA,3.4166,0.596,0.393618635,168,True
3864,955,YDR062W,LCB2,ATGAGTACTCCTGCAAACTATACCCGTGTG,3.062,0.598,0.395773947,355,True
3869,5483,YPL058C,PDR12,ATGTCTTCGACTGACGAACATATTGAGAAA,2.889,0.6,0.397940009,169,True
3871,5617,YPL195W,APL5,ATGACCTCTTTATATGCACCTGGGGCGGAG,3.193,0.602,0.400116928,77,True
3874,872,YDL224C,WHI4,ATGTCATTAGTGCATAATCAGACGAATTTA,3.793,0.604,0.402304814,373,True
3894,4511,YNL021W,HDA1,ATGGATTCTGTAATGGTTAAGAAAGAAGTA,2.989,0.604,0.402304814,72,True
3904,3848,YLR268W,SEC22,ATGATAAAGTCAACACTAATCTACAGAGAA,2.9116,0.606,0.404503778,80,True
3909,1924,YGL107C,RMD9,ATGATGCTTAGAAGAAATGCGGTGAGATCG,2.9618,0.608,0.406713933,60,True
3916,782,YDL129W,YDL129W,ATGGAGCTAAGAAGTAGACGGAGCGCAGAG,3.4122,0.61,0.408935393,148,True
3922,4737,YNL257C,SIP3,ATGTCCGTTCACGGGAGGGATCCCAAAAAG,2.722,0.616,0.415668776,102,True
3933,3561,YLL042C,ATG10,ATGATTCCTTACCAGGAGTGGCATAGCCAA,3.886,0.618,0.417936637,84,True
3934,219,YBR015C,MNN2,ATGCTGCTTACCAAAAGGTTTTCAAAGCTG,3.1,0.62,0.420216403,107,True
3938,261,YBR058C-A,TSC3,ATGACACAACATAAAAGCTCGATGGTGTAC,3.454,0.62,0.420216403,45,True
3948,3162,YJR113C,RSM7,ATGCTGCATTGTGCGAGGAGGTATATGTTA,2.551,0.62,0.420216403,55,True
3952,5515,YPL092W,SSU1,ATGGTTGCCAATTGGGTACTTGCTCTTACG,3.065,0.62,0.420216403,144,True
3955,1615,YER109C,YER109C_CDS,ATGAGTTATAAAGTGAATAGTTCGTATCCA,3.532,0.622,0.4225082,171,True
3963,382,YBR183W,YPC1,ATGGGAATATTTCGTTGGAACTATCCAGAG,2.511,0.624,0.424812155,216,True
3968,2359,YHL004W,MRP4,ATGCAGAGACACGTTTTTGCGAGGAATTTC,2.8876,0.628,0.42945706,81,True
3990,2919,YJL077W-A,YJL077W-A,ATGCCAGGGATAGCGTTCAAGGGGAAAGAC,2.151,0.628,0.42945706,154,True
4000,3128,YJR079W,YJR079W,ATGAAGATAAAAATTGACATTATACATTTT,2.166,0.638,0.441291429,0,True
4007,2987,YJL146W,IDS2,ATGGATAATCAGCAGGAAAGTATATCTGAA,4.11,0.644,0.448550002,96,True
4010,69,YAR002W,NUP60,ATGCATCGTAAATCATTGAGGAGGGCTAGC,2.982,0.646,0.450996738,26,True
4011,1573,YER069W,ARG5%2C6,ATGCCATCTGCTAGCTTACTCGTCTCGACA,4.482,0.646,0.450996738,49,True
4020,1640,YER134C,YER134C,ATGACTGGATACCCTGACGTGGCCGCCTTC,2.749,0.646,0.450996738,40,True
4496,3707,YLR131C,ACE2,ATGGATAACGTTGTAGATCCGTGGTATATA,2.704,0.646,0.450996738,0,True
4505,5306,YOR267C,HRK1,ATGCCTAATCTATTGTCGAGAAACCCATTC,3.7366,0.646,0.450996738,502,True
4507,2978,YJL136W-A,YJL136W-A,ATGACACGATGTATAAGTAAAAAAATGCTT,2.566,0.648,0.453457337,0,True
4510,3598,YLR015W,BRE2,ATGAAGTTGGGTATTATACCTTACCAGGAA,3.556,0.648,0.453457337,55,True
4511,3686,YLR105C,SEN2,ATGTCTAAAGGGAGGGTCAATCAGAAGCGT,2.866,0.648,0.453457337,48,True
4513,5374,YOR340C,RPA43,ATGTCACAAGTAAAAAGAGCCAATGAGAAC,3.1756,0.65,0.455931956,66,True
4522,1246,YDR359C,EAF1,ATGTCCTCACGTCCAAGTTCAGCAGTGCCT,4.494,0.652,0.458420756,0,True
4525,2558,YHR146W,CRP1,ATGAGTAGTGAACTCATGTTCAACTATACT,3.111,0.652,0.458420756,29,True
4526,2434,YHR024C,MAS2,ATGCTAAGGAACGGCGTTCAGAGGTTGTAC,3.571,0.654,0.460923901,100,True
4536,1207,YDR318W,MCM21,ATGAGTAGAATCGATGATTTACAGCAGGAC,3.7346,0.656,0.463441557,154,True
4540,3462,YKR045C,YKR045C,ATGTCAAACAGTCATCATACATCCCAGGGA,3.81,0.656,0.463441557,3,True
4543,5111,YOR060C,SLD7,ATGTCACGGAAATTATGCACACTAAATTTT,2.996,0.656,0.463441557,43,True
4544,725,YDL069C,CBS1,ATGTTGAGGACAAAAGTGTTTGCAACTACT,2.621,0.658,0.465973894,129,True
4548,2360,YHL006C,SHU1,ATGCAGTTTGAAGAGCGGTTGCAACAGCTA,4.565,0.658,0.465973894,0,True
4553,4773,YNL293W,MSB3,ATGCAGAACGATCAACAGAGGTTCTCCCTG,4.173,0.66,0.468521083,56,True
4559,4733,YNL253W,TEX1,ATGTCGACAATTGGAGCTGTTGATATTCTT,3.283,0.662,0.4710833,30,True
4567,4902,YOL012C,HTZ1,ATGTCAGGAAAAGCTCATGGAGGTAAAGGT,2.071,0.664,0.473660723,96,True
4571,2021,YGL212W,VAM7,ATGGCAGCTAATTCTGTAGGGAAAATGAGT,2.958,0.668,0.478861916,0,True
4575,2768,YIL134W,FLX1,ATGGTCGATCACCAGTGGACGCCACTGCAG,4.072,0.668,0.478861916,48,True
4576,601,YCR036W,RBK1,ATGGGTATTACAGTAATAGGTTCTCTAAAC,3.094,0.67,0.48148606,37,True
4579,2033,YGL226W,MTC3,ATGATGGGACGAAACGGTATTCGGCTAGCA,2.403,0.672,0.484126156,26,True
4580,5776,YPR084W,YPR084W,ATGTCAGAGAAGGCTTCTGAAGAGAGACCC,3.4896,0.672,0.484126156,55,True
4581,3904,YLR330W,CHS5,ATGTCTTCAGTTGATGTACTGTTAACAGTA,4.361,0.674,0.4867824,32,True
4582,2105,YGR035C,YGR035C,ATGTTACTCACACCAGCCAAGACTACAAGA,3.1376,0.676,0.48945499,88,True
4588,2310,YGR245C,SDA1,ATGGGTAGAAGAAGTAGAGCAGCTATGCTC,2.8788,0.676,0.48945499,106,True
4593,5409,YOR377W,ATF1,ATGAATGAAATCGATGAGAAAAATCAGGCC,2.748,0.676,0.48945499,84,True
4594,4970,YOL081W,IRA2,ATGTCCCAGCCCACTAAGAATAAGAAGAAA,2.954,0.678,0.492144128,215,True
4609,507,YCL005W,LDB16,ATGTTTGTGGTGGATTGGAGCGTGCAGCTA,3.973,0.68,0.494850022,43,True
4611,3273,YKL063C,YKL063C,ATGCAGGGCGATATCAGAAGGAAAAAAGAT,2.5406,0.68,0.494850022,289,True
4619,260,YBR058C,UBP14,ATGGCAGAAGCAGTACTAGAAAACGTTAAC,3.146,0.682,0.49757288,22,True
4628,649,YCR093W,CDC39,ATGCTATCGGCCACATACCGTGATTTGAAC,3.238,0.682,0.49757288,53,True
4630,3933,YLR362W,STE11,ATGGAACAGACACAAACAGCAGAGGGCACT,3.606,0.682,0.49757288,10,True
4637,5541,YPL119C,DBP1,ATGGCAGACTTGCCACAGAAGGTATCTAAT,3.752,0.682,0.49757288,63,True
4646,5628,YPL208W,RKM1,ATGTCATCAGATGCGTTAAAAGCACTACTT,3.724,0.682,0.49757288,22,True
4650,4540,YNL050C,YNL050C,ATGTCTGAATTTAAGATAGTATCAAGAAAA,3.1366,0.686,0.503070352,27,True
4654,766,YDL112W,TRM3,ATGGTTGGAGGTGCTCTCATCTGCAAATAT,2.706,0.688,0.505845406,43,True
4663,1771,YFR005C,SAD1,ATGGAGGTTGATAACAAAAGGAGACATTCA,2.7756,0.69,0.508638306,47,True
4667,3398,YKL197C,PEX1,ATGACGACGACCAAGAGGTTGAAGTTTGAG,2.356,0.69,0.508638306,9,True
4676,3211,YKL002W,DID4,ATGAGTTTGTTTGAGTGGGTATTTGGAAAG,2.947,0.692,0.511449283,78,True
4683,843,YDL193W,NUS1,ATGCCCACGATGATCAAAAAGGATGATAAA,2.105,0.694,0.514278574,107,True
4684,1291,YDR400W,URH1,ATGACTGTTAGTAAAATACCCATATGGCTA,3.42,0.694,0.514278574,206,True
4696,4594,YNL103W,MET4,ATGAAGCAGGAGCAGTCCCACGAAGGCGAC,3.937,0.696,0.517126416,159,True
4699,4553,YNL063W,MTQ1,ATGCCTCGAATATCTACATCATTGATAAGA,3.9246,0.698,0.519993057,150,True
4700,2518,YHR105W,YPT35,ATGAGCGACAAGATATCCTTTCTACCTCCC,3.904,0.7,0.522878745,112,True
4701,4777,YNL298W,CLA4,ATGTCTCTTTCAGCTGCAGCGAATAAGATA,3.11,0.7,0.522878745,178,True
4703,4747,YNL268W,LYP1,ATGGGCAGGTTTAGTAACATAATAACGTCC,2.967,0.704,0.528708289,243,True
4709,414,YBR214W,SDS24,ATGGCTTCTACTTCGAACACGTTCCCTCCA,3.641,0.706,0.53165267,84,True
4712,3506,YKR091W,SRL3,ATGTTTCTTAAGACACCTAATTGGGAAACG,2.768,0.71,0.537602002,170,True
4721,717,YDL059C,RAD59,ATGACGATACAAGCGAAGCCCAGTTCGAGC,4.209,0.712,0.540607512,113,True
4728,3148,YJR100C,AIM25,ATGCATAGAACGGCAATATTTCTAACTTAC,2.6986,0.712,0.540607512,139,True
4731,1526,YER029C,SMB1,ATGAGCAAAATACAGGTGGCACATAGCAGC,4.176,0.714,0.543633967,66,True
4733,1627,YER121W,YER121W,ATGGGCTTATCGCGCTGGCACGACAAGAAT,2.579,0.716,0.54668166,118,True
4737,1824,YFR055W,IRC7,ATGATTGATCGTACCGAGTTATCGAAGTTT,3.006,0.716,0.54668166,46,True
4743,1288,YDR397C,NCB2,ATGGCTGGAGACTCCGATAATGTGTCGCTT,3.458,0.72,0.552841969,152,True
4747,2262,YGR195W,SKI6,ATGTCAAGACTAGAAATATACTCGCCAGAA,4.0376,0.722,0.555955204,104,True
4759,3248,YKL038W,RGT1,ATGAACGAGCTGAACACTGTTTCGACTAAC,3.163,0.722,0.555955204,35,True
4767,5130,YOR079C,ATX2,ATGAAGTTTTTGGGTGTAATACTGCTAGCA,3.497,0.722,0.555955204,61,True
4773,3150,YJR102C,VPS25,ATGTCTGCATTACCTCCAGTATACTCATTC,4.377,0.724,0.559090918,208,True
4777,3858,YLR281C,YLR281C,ATGATGAGGGGAGCGAGTAAGAGGTCAATC,3.024,0.724,0.559090918,0,True
4779,5486,YPL060W,MFM1,ATGAGAGCATTCCCCCGAGTACTGCCATTT,3.6956,0.728,0.565431096,36,True
4786,2554,YHR142W,CHS7,ATGGCATTTAGTGATTTTGCTGCCATATGC,2.538,0.73,0.568636236,184,True
4793,276,YBR073W,RDH54,ATGGCGGTAATAAGCGTTAAACCTCGACGA,3.572,0.732,0.571865206,75,True
4794,45,YAL046C,AIM1,ATGAAGCTCCCACAGACCATGCTACGTTCT,4.082,0.736,0.578396073,47,True
4797,138,YBL041W,PRE7,ATGGCCACTATTGCATCAGAATACTCTTCG,3.612,0.736,0.578396073,98,True
4818,1819,YFR049W,YMR31,ATGATTGCTACACCTATAAGATTAGCAAAG,3.0946,0.736,0.578396073,165,True
4819,1317,YDR430C,CYM1,ATGTTGCGGTTTCAGCGATTTGCGTCCTCG,4.003,0.742,0.588380294,0,True
4821,2160,YGR093W,DRN1,ATGACAAATGCAAAGATTTTAGTAGCTCAT,2.882,0.742,0.588380294,56,True
4841,968,YDR075W,PPH3,ATGATGGACTTAGATAAGATTATAGCATCA,2.915,0.744,0.591760035,171,True
4845,3894,YLR319C,BUD6,ATGAAGATGGCCGTGGATGACCCTACGTAT,2.746,0.748,0.598599459,61,True
4846,3319,YKL109W,HAP4,ATGACCGCAAAGACTTTTCTACTACAGGCC,3.416,0.75,0.602059991,279,True
4856,4731,YNL251C,NRD1,ATGCAGCAGGACGACGATTTTCAAAATTTT,3.685,0.754,0.609064893,286,True
4859,866,YDL217C,TIM22,ATGGTGTACACAGGATTTGGTTTGGAGCAG,3.658,0.756,0.612610174,162,True
4861,1436,YEL018W,EAF5,ATGGATAAAGAGGTAAGTGAATTGGTAGTG,3.972,0.756,0.612610174,4,True
4864,1487,YEL070W,DSF1,ATGACAAAATCAGACGAAACAACAGCTACC,2.7,0.756,0.612610174,0,True
4867,3801,YLR220W,CCC1,ATGTCCATTGTAGCACTAAAGAACGCAGTG,3.495,0.756,0.612610174,153,True
4873,5084,YOR030W,DFG16,ATGATCATAAGATTGCATTTTTACTACCTC,3.2056,0.756,0.612610174,0,True
4886,1561,YER058W,PET117,ATGAGTAGGGCTAGCAAGATAACGTTTGCA,3.096,0.758,0.616184634,22,True
4891,2168,YGR101W,PCP1,ATGTCAGGTGTAAGCTCTGTTATGCTCGGT,4.321,0.76,0.619788758,60,True
4894,3468,YKR052C,MRS4,ATGAATACTTCAGAACTGTCAATAGCTGAG,3.781,0.764,0.627087997,130,True
4902,5110,YOR059C,LPL1,ATGACTTCGGATAAACACCTTTTTGTGCTG,3.581,0.764,0.627087997,45,True
4905,5440,YPL013C,MRPS16,ATGACCTGTGGTCTAGTACGAATAAGGTTA,3.452,0.764,0.627087997,37,True
4912,2814,YIR008C,PRI1,ATGACCAATTCAGTAAAGACTAATGGGCCA,3.15,0.766,0.630784143,14,True
4914,3772,YLR188W,MDL1,ATGATTGTAAGAATGATACGTCTTTGTAAA,2.8936,0.766,0.630784143,74,True
4923,4576,YNL085W,MKT1,ATGGCAATCAAGTCATTGGAATCGTTCCTT,3.885,0.766,0.630784143,318,True
4927,3909,YLR337C,VRP1,ATGGCAGGTGCTCCAGCTCCTCCTCCTCCA,4.262,0.768,0.634512015,0,True
4941,5530,YPL107W,YPL107W,ATGATAAGAAATCAGGGATGGTCATTACTT,3.9986,0.772,0.642065153,74,True
4964,1736,YFL034W,YFL034W,ATGTCCGATTCGGAGGAAGATTTAGGTGTA,3.891,0.774,0.645891561,190,True
4970,4759,YNL280C,ERG24,ATGGTATCAGCTTTGAATCCCAGAACTACA,3.8696,0.774,0.645891561,75,True
4976,3508,YKR093W,PTR2,ATGCTCAACCATCCCAGCCAAGGCTCAGAT,4.294,0.776,0.649751982,74,True
4988,3309,YKL099C,UTP11,ATGGCTAAACTTGTACATGATGTTCAGAAA,3.639,0.778,0.653647026,61,True
5000,3542,YLL021W,SPA2,ATGGGTACGTCAAGCGAGGTTTCTCTCGCA,4.39,0.78,0.657577319,135,True
5002,4701,YNL218W,MGS1,ATGAGTAACAAGAGGACATCTGTAGAACAG,4.054,0.78,0.657577319,245,True
5015,5478,YPL053C,KTR6,ATGCACGTACTGCTGAGCAAAAAAATAGCA,3.626,0.782,0.661543506,70,True
5017,5216,YOR171C,LCB4,ATGGTGGTGCAGAAAAAACTTAGGGCTATC,3.689,0.786,0.669586227,69,True
5036,5605,YPL183W-A,RTC6,ATGTTTTTACAGACTCTCCGCCTAACTATG,4.129,0.788,0.673664139,89,True
5057,3555,YLL035W,GRC3,ATGGTGATAGATTCCAAACAGGATCTACCT,4.326,0.79,0.677780705,163,True
5061,2967,YJL127C,SPT10,ATGCTAAATCAGCACACAAGTTCAGTACCG,4.865,0.794,0.68613278,93,True
5062,2273,YGR205W,TDA10,ATGTGTGATAAGTCAAAAACGGTATTGGAC,3.006,0.796,0.690369833,130,True
5079,1172,YDR284C,DPP1,ATGAACAGAGTTTCGTTTATTAAAACGCCT,3.3336,0.806,0.71219827,334,True
5081,2235,YGR167W,CLC1,ATGTCAGAGAAATTCCCTCCTTTGGAAGAT,3.996,0.806,0.71219827,61,True
5084,3850,YLR271W,YLR271W,ATGGAGGAGAGTAAGACAAAAAGAAAAGAG,2.8016,0.806,0.71219827,342,True
5092,5743,YPR045C,THP3,ATGCAGAATCCTTACGGTCACTTTACTAAC,3.41,0.806,0.71219827,48,True
5110,2853,YJL003W,COX16,ATGTCGTTCAGCGGAAAAAAATTTAGGTCT,3.227,0.808,0.716698771,100,True
5111,3016,YJL179W,PFD1,ATGTCACAGATAGCACAAGAAATGACAGTG,4.524,0.808,0.716698771,68,True
5112,5120,YOR069W,VPS5,ATGGACTACGAGGATAATCTAGAAGCACCT,3.342,0.808,0.716698771,68,True
5120,5429,YPL002C,SNF8,ATGAAACAGTTTGGACTGGCAGCCTTTGAC,3.173,0.81,0.721246399,51,True
5121,456,YBR255W,MTC4,ATGACTCATACAAATGAGCACGACCATAAG,2.22,0.814,0.730487056,15,True
5127,26,YAL029C,MYO4,ATGTCATTTGAAGTAGGAACTAAGTGTTGG,2.936,0.82,0.744727495,48,True
5130,410,YBR210W,ERV15,ATGTCAGGAACCGGATTATCGCTATTCGTG,4.273,0.82,0.744727495,163,True
5131,2028,YGL222C,EDC1,ATGTCGACGGATACCATGTATTTCAACAGC,3.106,0.822,0.749579998,69,True
5133,513,YCL012C,YCL012C,ATGAAGAGTTTGTTCTATCTCAAATTGCTC,4.082,0.824,0.754487332,65,True
5135,865,YDL216C,RRI1,ATGTCACTTTCAAATAAGACTGTAAAGGAA,3.807,0.828,0.764471553,0,True
5136,1529,YER032W,FIR1,ATGAGCCTCCCTGTTACACCTGTCAAGAGC,4.812,0.828,0.764471553,42,True
5137,2788,YIL155C,GUT2,ATGTTTTCGGTAACGAGAAGAAGAGCTGCC,3.3808,0.828,0.764471553,44,True
5138,3020,YJL184W,GON7,ATGAAACTACCGGTAGCACAGTACAGTGCA,4.518,0.828,0.764471553,42,True
5139,3137,YJR090C,GRR1,ATGGATCAGGATAACAACAACCACAATGAC,2.619,0.828,0.764471553,19,True
5146,1367,YDR486C,VPS60,ATGAACAGGATTTTCGGATATGGGAACAAA,2.058,0.83,0.769551079,134,True
5150,5885,YPR196W,YPR196W,ATGAGTATTGTAAGACAGTCATGTGATTGC,4.1886,0.83,0.769551079,0,True
5154,1117,YDR227W,SIR4,ATGCCAAATGACAATAAGACACCCAATAGG,2.869,0.838,0.790484985,81,True
5156,1725,YFL024C,EPL1,ATGCCGACACCTTCAAACGCTATAGAGATC,3.886,0.838,0.790484985,432,True
5165,3004,YJL165C,HAL5,ATGGGAGATGAGAAGCTTTCACGCCACACA,3.291,0.838,0.790484985,136,True
5169,2283,YGR215W,RSM27,ATGAACGTACCAAAGGCGAGACTCCTAAAA,3.6206,0.84,0.795880017,50,True
5173,2041,YGL234W,ADE5%2C7,ATGCTCAACATTCTCGTTTTAGGAAACGGT,3.961,0.846,0.812479279,181,True
5178,2828,YIR021W,MRS1,ATGTCTCCGAAGAATATAACAAGGTCGGTG,3.905,0.848,0.818156412,0,True
5182,900,YDR005C,MAF1,ATGAAATTTATTGATGAGCTAGATATAGAG,2.982,0.85,0.823908741,141,True
5216,2054,YGL248W,PDE1,ATGGTTGTATTCGAAATAACTATACTTGGG,3.691,0.85,0.823908741,46,True
5218,941,YDR046C,BAP3,ATGTCAGATCCTATAGTAACGTCTTCCAAA,4.26,0.854,0.835647144,208,True
5220,3086,YJR034W,PET191,ATGGTAGCTAGTTGTAAAGATCAGAAGAAG,3.41,0.854,0.835647144,78,True
5224,5722,YPR022C,YPR022C,ATGCACGGCAAAGAGTTGGCTGGCAGGCTC,3.383,0.854,0.835647144,938,True
5236,1495,YER001W,MNN1,ATGTTGGCACTCCGGAGATTTATATTAAAC,3.7456,0.856,0.841637508,556,True
5252,400,YBR200W,BEM1,ATGCTGAAAAACTTCAAACTCTCAAAAAGA,3.2256,0.858,0.847711656,53,True
5258,1271,YDR380W,ARO10,ATGGCACCTGTTACAATTGAAAAGTTCGTA,3.538,0.858,0.847711656,146,True
5272,3548,YLL027W,ISA1,ATGATAAACACAGGAAGAAGCAGGAATTCA,3.3826,0.862,0.860120914,210,True
5285,5081,YOR026W,BUB3,ATGCAGATAGTACAAATTGAGCAGGCCCCA,5.387,0.862,0.860120914,138,True
5304,5809,YPR120C,CLB5,ATGGGAGAGAACCACGACCATGAGCAGAGT,3.829,0.862,0.860120914,230,True
5306,2937,YJL095W,BCK1,ATGCCCTTTTTGAGGAAAATAGCGGGGACA,3.328,0.864,0.866461092,0,True
5313,1394,YDR515W,SLF1,ATGTCATCGCAAAACCTCAATGATAATCCA,4.67,0.866,0.872895202,218,True
5320,4667,YNL181W,YNL181W,ATGCCTTTGAATATTATTGGGACGGCTCTC,3.666,0.866,0.872895202,61,True
5334,5435,YPL008W,CHL1,ATGGACAAAAAGGAATATTCGGAGACTTTC,2.97,0.866,0.872895202,246,True
5352,5673,YPL254W,HFI1,ATGTCAGCTATACAATCGCCAGCACCTAAA,4.92,0.874,0.899629455,232,True
5355,1710,YFL009W,CDC4,ATGGGGTCGTTTCCCTTAGCTGAGTTTCCA,4.262,0.876,0.906578315,179,True
5358,3646,YLR064W,PER33,ATGACCGTTCCCAGGAATCGTCCCATGGCA,3.688,0.876,0.906578315,46,True
5361,2327,YGR263C,SAY1,ATGGCAGCCAACTCTGGTCTCGACTCAAAA,3.559,0.878,0.913640169,15,True
5374,5654,YPL234C,VMA11,ATGTCAACGCAACTCGCAAGTAACATATAT,4.547,0.878,0.913640169,53,True
5379,1665,YER158C,YER158C,ATGTTACAGCAGGGTTCTTCCTCGAGGAGG,5.562,0.882,0.928117993,220,True
5380,4548,YNL056W,OCA2,ATGAAATACATACCCCCATTAAATTTTTCG,4.054,0.882,0.928117993,76,True
5393,812,YDL159W-A,YDL159W-A,ATGTACAATCAGATAATAAACACTTTTATT,3.44,0.884,0.935542011,0,True
5394,2825,YIR018W,YAP5,ATGGCTCTACCTCTGATAAAACCTAAGGAG,4.234,0.884,0.935542011,79,True
5409,1503,YER008C,SEC3,ATGAGGTCCTCGAAGTCTCCTTTTAAAAGG,4.065,0.888,0.950781977,64,True
5428,3602,YLR019W,PSR2,ATGGGATTTATAGCAAATATACTGTGCTGT,3.081,0.888,0.950781977,298,True
5429,4544,YNL054W,VAC7,ATGACAGAAGAAGATAGAAAGCTCACTGTA,3.5056,0.888,0.950781977,0,True
5435,3109,YJR059W,PTK2,ATGGCGGGAAACGGTAAGGACAAAGAGGTA,2.535,0.892,0.966576245,68,True
5437,4011,YLR443W,ECM7,ATGGTGATGTCAAGAATACGAGATACAATA,3.5506,0.892,0.966576245,133,True
5440,1810,YFR040W,SAP155,ATGTCGTTTTGGCCATTTGGACAGAATCTT,4.309,0.894,0.974694135,308,True
5442,5136,YOR086C,TCB1,ATGGCCAAAGAAGATACTGGGGTAACAGCA,2.932,0.894,0.974694135,181,True
5446,217,YBR013C,YBR013C,ATGATATATCCCTTATTCAGGATATGTATC,3.65,0.896,0.982966661,23,True
5449,5734,YPR034W,ARP7,ATGACATTGAATAGGAAGTGCGTAGTGATA,3.663,0.896,0.982966661,64,True
5462,3446,YKR026C,GCN3,ATGTCGGAGTTTAATATTACAGAAACTTAT,3.306,0.9,1,86,True
5470,2976,YJL134W,LCB3,ATGGTAGATGGACTGAATACCTCGAACATT,3.765,0.902,1.008773924,0,True
5472,5666,YPL247C,YPL247C,ATGGATCCCTTTCACAATGGCAATAAAAGG,2.593,0.902,1.008773924,76,True
5477,3372,YKL171W,NNK1,ATGTTTACGTCGCAGCGACAGCTTCGACAA,5.342,0.904,1.017728767,120,True
5478,711,YDL053C,PBP4,ATGACAACAACCTCAACAACCAGTGTAGAT,3.91,0.908,1.036212173,198,True
5483,230,YBR026C,ETR1,ATGCTTCCCACATTCAAACGTTACATGTCG,4.064,0.91,1.045757491,3,True
5486,901,YDR006C,SOK1,ATGGACCAGCCAAGGACCCATTCAGGACCC,4.619,0.91,1.045757491,151,True
5488,3103,YJR053W,BFA1,ATGTCAATTAGGCCTCTCACGTTAAACGGT,4.597,0.91,1.045757491,0,True
5495,5505,YPL082C,MOT1,ATGACGTCACGAGTTTCGAGGCTGGACCGG,4.366,0.914,1.065501549,52,True
5505,3938,YLR368W,MDM30,ATGACAAAGAGGAGAAACCTCTTTATGGTT,3.2026,0.916,1.075720714,6,True
5515,549,YCL052C,PBN1,ATGGTGACAAGACATAGAGTGACTGTACTC,4.2832,0.92,1.096910013,33,True
5520,1240,YDR352W,YPQ2,ATGTCGTGCTCAAACGGCATCTGGCCTACT,3.924,0.92,1.096910013,102,True
5530,4988,YOL098C,YOL098C,ATGGGGTTCAAGAAGCTCGTATCATTCCAA,4.354,0.92,1.096910013,75,True
5531,5762,YPR068C,HOS1,ATGTCGAAATTGGTCATATCAACGTCAATA,4.959,0.922,1.107905397,0,True
5533,2934,YJL092W,SRS2,ATGTCGTCGAACAATGATCTTTGGTTGCAT,4.195,0.924,1.119186408,167,True
5541,5724,YPR024W,YME1,ATGAACGTTTCAAAAATACTTGTGTCGCCC,5.15,0.924,1.119186408,111,True
5545,475,YBR275C,RIF1,ATGTCGAAAGATTTTTCAGATAAAAAGAAA,3.088,0.926,1.13076828,32,True
5555,2257,YGR189C,CRH1,ATGAAAGTGCTTGACCTACTAACGGTACTC,4.937,0.928,1.142667504,298,True
5560,4020,YLR453C,RIF2,ATGGAGCATGTAGATTCCGATTTTGCACCT,3.975,0.928,1.142667504,457,True
5571,5882,YPR192W,AQY1,ATGTCTTCGAACGATTCGAACGATACCGAC,3.861,0.928,1.142667504,29,True
5580,2243,YGR174C,CBP4,ATGCAGTGCGCGATAACTCCTAGAGAGGCA,4.3576,0.93,1.15490196,15,True
5581,2716,YIL083C,CAB2,ATGCCACCTCTACCCGTGCTCAACAGACCT,5.6556,0.932,1.167491087,146,True
5582,4964,YOL075C,YOL075C,ATGTCACAGCAGGAGAATGGTGATGTGGCC,4.999,0.932,1.167491087,25,True
5605,3431,YKR010C,TOF2,ATGATAAAAATGTGGAGGTTACAGATTGTA,4.115,0.934,1.180456064,115,True
5613,5150,YOR101W,RAS1,ATGCAGGGAAATAAATCAACTATAAGAGAG,3.9826,0.934,1.180456064,86,True
5616,522,YCL025C,AGP1,ATGTCGTCGTCGAAGTCTCTATACGAACTG,5.546,0.936,1.193820026,183,True
5617,2643,YIL005W,EPS1,ATGAAAATGAATCTGAAAAGGCTCGTAGTT,4.006,0.936,1.193820026,144,True
5628,1893,YGL073W,HSF1,ATGAATAATGCTGCAAATACAGGGACGACC,2.309,0.938,1.207608311,0,True
5651,3213,YKL004W,AUR1,ATGGCAAACCCTTTTTCGAGATGGTTTCTA,3.9846,0.938,1.207608311,353,True
5654,3239,YKL027W,TCD2,ATGGTAGAGAAGGATACATGGAAACTGATA,3.425,0.942,1.236572006,0,True
5658,1309,YDR421W,ARO80,ATGTCTGCTAAGAAAAGGCCTTCGGGAAAC,3.758,0.944,1.251811973,0,True
5662,1313,YDR425W,SNX41,ATGGACTACAACATATTTGAGGCGGTACAT,3.26,0.944,1.251811973,60,True
5666,2080,YGR010W,NMA2,ATGGATCCCACCAAAGCACCCGATTTTAAA,3.212,0.946,1.26760624,0,True
5668,3461,YKR044W,UIP5,ATGTCAAGAGATGTAAGGGCAGAGAAACTA,4.3076,0.946,1.26760624,66,True
5671,3554,YLL034C,RIX7,ATGGTTAAAGTAAAGTCGAAAAAGAACTCA,3.893,0.946,1.26760624,40,True
5673,5156,YOR108W,LEU9,ATGGTAAAACATTCGTTCATAGCGCTAGCT,4.219,0.95,1.301029996,77,True
5675,5520,YPL096W,PNG1,ATGGGAGAGGTATACGAAAAAAATAACATA,3.204,0.95,1.301029996,25,True
5694,750,YDL095W,PMT1,ATGTCGGAAGAGAAAACGTACAAACGTGTA,3.892,0.956,1.356547324,81,True
5709,2212,YGR146C-A,YGR146C-A,ATGGGGTTCCTCCCTGAGTGTAATTTAACG,4.332,0.956,1.356547324,0,True
5710,24,YAL027W,SAW1,ATGGCACCAAGTATAGCAACGGTAAAGATA,4.271,0.958,1.37675071,58,True
5711,5236,YOR191W,ULS1,ATGGCAGCAGTACCCACCATCGACCTTACA,4.343,0.96,1.397940009,88,True
5721,453,YBR253W,SRB6,ATGAGCAACCAGGCACTATATGAGAAACTC,5.057,0.962,1.420216403,61,True
5722,1260,YDR371W,CTS2,ATGGTAGGACACTCAGCTCAGCACAGATCA,5.0116,0.966,1.468521083,41,True
5724,5002,YOL112W,MSB4,ATGATAATGTCATCAACTATGTCGACAGAA,4.713,0.966,1.468521083,148,True
5732,1656,YER149C,PEA2,ATGCATAAATTTGATCTAGAGCTCTCGAGA,4.5736,0.968,1.494850022,58,True
5734,2685,YIL048W,NEO1,ATGCCTAACCCTCCTTCATTTAAGTCACAT,5.161,0.97,1.522878745,330,True
5737,3267,YKL057C,NUP120,ATGGCATGCCTCTCAAGAATTGATGCAAAT,3.9776,0.97,1.522878745,34,True
5743,5616,YPL194W,DDC1,ATGTCATTTAAGGCAACTATCACCGAGTCG,3.999,0.972,1.552841969,35,True
5758,591,YCR026C,NPP1,ATGGAACTTCAGAATGATTTAGAGTCGCTC,5.801,0.974,1.585026652,63,True
5762,2503,YHR088W,RPF1,ATGGCTCTCGGTAATGAGATAAACATCACA,3.688,0.974,1.585026652,128,True
5768,3698,YLR119W,SRN2,ATGAAAGTAAAGGCTACAAAACTAAGGATA,3.474,0.974,1.585026652,0,True
5769,1846,YGL020C,GET1,ATGCATTGGGCAGCAGCGGTAGCGATATTC,3.317,0.978,1.657577319,52,True
5771,1396,YDR517W,GRH1,ATGTTTAGAATAGCTAAAAACCTCGTACGG,4.1586,0.98,1.698970004,145,True
5776,4567,YNL076W,MKS1,ATGTCGCGGGAGGCATTTGATGTACCGAAT,4.592,0.982,1.744727495,258,True
5791,4536,YNL046W,YNL046W,ATGGAGCACGTATCAAAGAGGTCAATTGGG,4.681,0.986,1.853871964,93,True
5809,5477,YPL052W,OAZ1,ATGTATGAAGTAATACAGAAAAGGAAAACA,4.34,0.986,1.853871964,66,True
5828,3251,YKL041W,VPS24,ATGGATTATATAAAAAAAGCCATATGGGGG,2.378,0.988,1.920818754,150,True
5834,4894,YOL004W,SIN3,ATGTCACAGGTTTGGCATAATTCGAATTCG,5.63,0.988333333,1.93305321,203,True
5836,5834,YPR147C,YPR147C,ATGACTGTAAAAGAGTATACTAAATCGAAG,3.762,0.988333333,1.93305321,70,True
5843,3856,YLR277C,YSH1,ATGGAGCGAACAAATACAACAACATTCAAA,2.808,0.99,2,149,True
5856,5694,YPL274W,SAM3,ATGGATATACTCAAGAGGGGAAATGAATCG,4.764,0.994,2.22184875,68,True
5871,4846,YNR034W,SOL1,ATGACAACAACCGTACCTAAAGTGTTTGCA,4.203,0.994545455,2.263241435,100,True
5881,3157,YJR109C,CPA2,ATGACATCGATTTATACATCAACAGAGCCT,5.351,0.996470588,2.452297671,89,True
5882,3244,YKL033W-A,YKL033W-A,ATGACACATCCTGTAGCAGTGAAGGCATGT,4.386,0.996666667,2.477121255,88,True
5885,427,YBR228W,SLX1,ATGTCGCAGAAAATACAGCAGCATCAGTTT,7.481,0.999240506,3.119475841,43,True
